time,number_A,number_HA,alpha,surf_ch_dens
140.00000000001765,79,83,0.4876543209876543,-78.1308351728395
150.00000000000855,16,146,0.09876543209876543,-15.823966617283949
159.99999999999946,1,161,0.006172839506172839,-0.9889979135802468
169.99999999999037,0,162,0.0,0.0
179.99999999998127,0,162,0.0,0.0
189.99999999997218,0,162,0.0,0.0
199.99999999996308,0,162,0.0,0.0
209.99999999995399,1,161,0.006172839506172839,-0.9889979135802468
219.9999999999449,0,162,0.0,0.0
229.9999999999358,0,162,0.0,0.0
239.9999999999267,0,162,0.0,0.0
249.9999999999176,0,162,0.0,0.0
259.99999999990854,0,162,0.0,0.0
269.99999999989944,0,162,0.0,0.0
279.99999999989035,0,162,0.0,0.0
289.99999999988125,1,161,0.006172839506172839,-0.9889979135802468
299.99999999987216,0,162,0.0,0.0
309.99999999986306,0,162,0.0,0.0
319.99999999985397,0,162,0.0,0.0
329.9999999998449,0,162,0.0,0.0
339.9999999998358,0,162,0.0,0.0
349.9999999998267,0,162,0.0,0.0
359.9999999998176,1,161,0.006172839506172839,-0.9889979135802468
369.9999999998085,2,160,0.012345679012345678,-1.9779958271604936
379.9999999997994,0,162,0.0,0.0
389.9999999997903,0,162,0.0,0.0
399.9999999997812,0,162,0.0,0.0
409.9999999997721,0,162,0.0,0.0
419.999999999763,1,161,0.006172839506172839,-0.9889979135802468
429.9999999997539,0,162,0.0,0.0
439.99999999974483,0,162,0.0,0.0
449.99999999973573,0,162,0.0,0.0
459.99999999972664,0,162,0.0,0.0
469.99999999971755,1,161,0.006172839506172839,-0.9889979135802468
479.99999999970845,0,162,0.0,0.0
489.99999999969936,0,162,0.0,0.0
499.99999999969026,0,162,0.0,0.0
509.99999999968117,0,162,0.0,0.0
519.9999999996721,0,162,0.0,0.0
529.999999999663,0,162,0.0,0.0
539.9999999996539,0,162,0.0,0.0
549.9999999996448,0,162,0.0,0.0
559.9999999996357,0,162,0.0,0.0
569.9999999996267,0,162,0.0,0.0
579.9999999996176,0,162,0.0,0.0
589.9999999996085,0,162,0.0,0.0
599.9999999995994,0,162,0.0,0.0
609.9999999995903,0,162,0.0,0.0
619.9999999995812,0,162,0.0,0.0
629.9999999995721,0,162,0.0,0.0
639.999999999563,0,162,0.0,0.0
649.9999999995539,0,162,0.0,0.0
659.9999999995448,0,162,0.0,0.0
669.9999999995357,0,162,0.0,0.0
679.9999999995266,0,162,0.0,0.0
689.9999999995175,0,162,0.0,0.0
699.9999999995084,0,162,0.0,0.0
709.9999999994993,0,162,0.0,0.0
719.9999999994902,1,161,0.006172839506172839,-0.9889979135802468
729.9999999994811,0,162,0.0,0.0
739.999999999472,0,162,0.0,0.0
749.999999999463,0,162,0.0,0.0
759.9999999994538,0,162,0.0,0.0
769.9999999994448,1,161,0.006172839506172839,-0.9889979135802468
779.9999999994357,1,161,0.006172839506172839,-0.9889979135802468
789.9999999994266,0,162,0.0,0.0
799.9999999994175,0,162,0.0,0.0
809.9999999994084,0,162,0.0,0.0
819.9999999993993,0,162,0.0,0.0
829.9999999993902,0,162,0.0,0.0
839.9999999993811,0,162,0.0,0.0
849.999999999372,0,162,0.0,0.0
859.9999999993629,0,162,0.0,0.0
869.9999999993538,0,162,0.0,0.0
879.9999999993447,0,162,0.0,0.0
889.9999999993356,0,162,0.0,0.0
899.9999999993265,0,162,0.0,0.0
909.9999999993174,0,162,0.0,0.0
919.9999999993083,0,162,0.0,0.0
929.9999999992992,1,161,0.006172839506172839,-0.9889979135802468
939.9999999992901,0,162,0.0,0.0
949.999999999281,0,162,0.0,0.0
959.999999999272,0,162,0.0,0.0
969.9999999992629,0,162,0.0,0.0
979.9999999992538,0,162,0.0,0.0
989.9999999992447,0,162,0.0,0.0
999.9999999992356,0,162,0.0,0.0
1009.9999999992265,0,162,0.0,0.0
1019.9999999992174,1,161,0.006172839506172839,-0.9889979135802468
1029.9999999992083,0,162,0.0,0.0
1039.9999999991992,1,161,0.006172839506172839,-0.9889979135802468
1049.99999999919,0,162,0.0,0.0
1059.999999999181,0,162,0.0,0.0
1069.999999999172,0,162,0.0,0.0
1079.9999999991628,0,162,0.0,0.0
1089.9999999991537,0,162,0.0,0.0
1099.9999999991446,0,162,0.0,0.0
1109.9999999991355,0,162,0.0,0.0
1119.9999999991264,0,162,0.0,0.0
1129.9999999991173,0,162,0.0,0.0
1139.9999999991082,0,162,0.0,0.0
1149.9999999990991,0,162,0.0,0.0
1159.99999999909,0,162,0.0,0.0
1169.999999999081,0,162,0.0,0.0
1179.9999999990719,0,162,0.0,0.0
1189.9999999990628,0,162,0.0,0.0
1199.9999999990537,0,162,0.0,0.0
1209.9999999990446,0,162,0.0,0.0
1219.9999999990355,0,162,0.0,0.0
1229.9999999990264,1,161,0.006172839506172839,-0.9889979135802468
1239.9999999990173,0,162,0.0,0.0
1249.9999999990082,0,162,0.0,0.0
1259.999999998999,0,162,0.0,0.0
1269.99999999899,0,162,0.0,0.0
1279.999999998981,1,161,0.006172839506172839,-0.9889979135802468
1289.9999999989718,0,162,0.0,0.0
1299.9999999989627,0,162,0.0,0.0
1309.9999999989536,0,162,0.0,0.0
1319.9999999989445,0,162,0.0,0.0
1329.9999999989354,0,162,0.0,0.0
1339.9999999989263,0,162,0.0,0.0
1349.9999999989172,0,162,0.0,0.0
1359.9999999989082,1,161,0.006172839506172839,-0.9889979135802468
1369.999999998899,0,162,0.0,0.0
1379.99999999889,0,162,0.0,0.0
1389.9999999988809,0,162,0.0,0.0
1399.9999999988718,0,162,0.0,0.0
1409.9999999988627,1,161,0.006172839506172839,-0.9889979135802468
1419.9999999988536,0,162,0.0,0.0
1429.9999999988445,0,162,0.0,0.0
1439.9999999988354,1,161,0.006172839506172839,-0.9889979135802468
1449.9999999988263,1,161,0.006172839506172839,-0.9889979135802468
1459.9999999988172,0,162,0.0,0.0
1469.999999998808,1,161,0.006172839506172839,-0.9889979135802468
1479.999999998799,0,162,0.0,0.0
1489.99999999879,0,162,0.0,0.0
1499.9999999987808,0,162,0.0,0.0
1509.9999999987717,0,162,0.0,0.0
1519.9999999987626,0,162,0.0,0.0
1529.9999999987535,0,162,0.0,0.0
1539.9999999987444,2,160,0.012345679012345678,-1.9779958271604936
1549.9999999987353,0,162,0.0,0.0
1559.9999999987263,1,161,0.006172839506172839,-0.9889979135802468
1569.9999999987172,0,162,0.0,0.0
1579.999999998708,0,162,0.0,0.0
1589.999999998699,1,161,0.006172839506172839,-0.9889979135802468
1599.9999999986899,1,161,0.006172839506172839,-0.9889979135802468
1609.9999999986808,1,161,0.006172839506172839,-0.9889979135802468
1619.9999999986717,0,162,0.0,0.0
1629.9999999986626,0,162,0.0,0.0
1639.9999999986535,0,162,0.0,0.0
1649.9999999986444,0,162,0.0,0.0
1659.9999999986353,0,162,0.0,0.0
1669.9999999986262,0,162,0.0,0.0
1679.999999998617,0,162,0.0,0.0
1689.999999998608,0,162,0.0,0.0
1699.999999998599,0,162,0.0,0.0
1709.9999999985898,0,162,0.0,0.0
1719.9999999985807,1,161,0.006172839506172839,-0.9889979135802468
1729.9999999985716,1,161,0.006172839506172839,-0.9889979135802468
1739.9999999985625,0,162,0.0,0.0
1749.9999999985534,0,162,0.0,0.0
1759.9999999985444,1,161,0.006172839506172839,-0.9889979135802468
1769.9999999985353,0,162,0.0,0.0
1779.9999999985262,0,162,0.0,0.0
1789.999999998517,1,161,0.006172839506172839,-0.9889979135802468
1799.999999998508,0,162,0.0,0.0
1809.9999999984989,0,162,0.0,0.0
1819.9999999984898,0,162,0.0,0.0
1829.9999999984807,0,162,0.0,0.0
1839.9999999984716,0,162,0.0,0.0
1849.9999999984625,0,162,0.0,0.0
1859.9999999984534,0,162,0.0,0.0
1869.9999999984443,0,162,0.0,0.0
1879.9999999984352,0,162,0.0,0.0
1889.9999999984261,0,162,0.0,0.0
1899.999999998417,0,162,0.0,0.0
1909.999999998408,0,162,0.0,0.0
1919.9999999983988,1,161,0.006172839506172839,-0.9889979135802468
1929.9999999983897,0,162,0.0,0.0
1939.9999999983806,1,161,0.006172839506172839,-0.9889979135802468
1949.9999999983715,0,162,0.0,0.0
1959.9999999983625,0,162,0.0,0.0
1969.9999999983534,0,162,0.0,0.0
1979.9999999983443,0,162,0.0,0.0
1989.9999999983352,0,162,0.0,0.0
1999.999999998326,0,162,0.0,0.0
2009.999999998317,0,162,0.0,0.0
2019.9999999983079,0,162,0.0,0.0
2029.9999999982988,1,161,0.006172839506172839,-0.9889979135802468
2039.9999999982897,0,162,0.0,0.0
2049.999999998326,0,162,0.0,0.0
2059.9999999985444,0,162,0.0,0.0
2069.9999999987626,1,161,0.006172839506172839,-0.9889979135802468
2079.999999998981,0,162,0.0,0.0
2089.999999999199,0,162,0.0,0.0
2099.9999999994175,0,162,0.0,0.0
2109.9999999996357,0,162,0.0,0.0
2119.999999999854,0,162,0.0,0.0
2130.0000000000723,1,161,0.006172839506172839,-0.9889979135802468
2140.0000000002906,0,162,0.0,0.0
2150.000000000509,0,162,0.0,0.0
2160.000000000727,0,162,0.0,0.0
2170.0000000009454,0,162,0.0,0.0
2180.0000000011637,0,162,0.0,0.0
2190.000000001382,0,162,0.0,0.0
2200.0000000016003,0,162,0.0,0.0
2210.0000000018185,1,161,0.006172839506172839,-0.9889979135802468
2220.000000002037,1,161,0.006172839506172839,-0.9889979135802468
2230.000000002255,0,162,0.0,0.0
2240.0000000024734,1,161,0.006172839506172839,-0.9889979135802468
2250.0000000026916,0,162,0.0,0.0
2260.00000000291,0,162,0.0,0.0
2270.000000003128,0,162,0.0,0.0
2280.0000000033465,0,162,0.0,0.0
2290.0000000035648,0,162,0.0,0.0
2300.000000003783,0,162,0.0,0.0
2310.0000000040013,0,162,0.0,0.0
2320.0000000042196,0,162,0.0,0.0
2330.000000004438,0,162,0.0,0.0
2340.000000004656,0,162,0.0,0.0
2350.0000000048744,0,162,0.0,0.0
2360.0000000050927,1,161,0.006172839506172839,-0.9889979135802468
2370.000000005311,0,162,0.0,0.0
2380.0000000055293,0,162,0.0,0.0
2390.0000000057476,0,162,0.0,0.0
2400.000000005966,0,162,0.0,0.0
2410.000000006184,0,162,0.0,0.0
2420.0000000064024,0,162,0.0,0.0
2430.0000000066207,0,162,0.0,0.0
2440.000000006839,0,162,0.0,0.0
2450.000000007057,0,162,0.0,0.0
2460.0000000072755,1,161,0.006172839506172839,-0.9889979135802468
2470.000000007494,1,161,0.006172839506172839,-0.9889979135802468
2480.000000007712,0,162,0.0,0.0
2490.0000000079303,0,162,0.0,0.0
2500.0000000081486,0,162,0.0,0.0
2510.000000008367,1,161,0.006172839506172839,-0.9889979135802468
2520.000000008585,0,162,0.0,0.0
2530.0000000088035,0,162,0.0,0.0
2540.0000000090217,0,162,0.0,0.0
2550.00000000924,1,161,0.006172839506172839,-0.9889979135802468
2560.0000000094583,0,162,0.0,0.0
2570.0000000096766,0,162,0.0,0.0
2580.000000009895,0,162,0.0,0.0
2590.000000010113,1,161,0.006172839506172839,-0.9889979135802468
2600.0000000103314,0,162,0.0,0.0
2610.0000000105497,0,162,0.0,0.0
2620.000000010768,0,162,0.0,0.0
2630.0000000109862,1,161,0.006172839506172839,-0.9889979135802468
2640.0000000112045,0,162,0.0,0.0
2650.000000011423,0,162,0.0,0.0
2660.000000011641,0,162,0.0,0.0
2670.0000000118594,0,162,0.0,0.0
2680.0000000120776,0,162,0.0,0.0
2690.000000012296,0,162,0.0,0.0
2700.000000012514,0,162,0.0,0.0
2710.0000000127325,1,161,0.006172839506172839,-0.9889979135802468
2720.0000000129507,0,162,0.0,0.0
2730.000000013169,0,162,0.0,0.0
2740.0000000133873,0,162,0.0,0.0
2750.0000000136056,0,162,0.0,0.0
2760.000000013824,0,162,0.0,0.0
2770.000000014042,0,162,0.0,0.0
2780.0000000142604,1,161,0.006172839506172839,-0.9889979135802468
2790.0000000144787,0,162,0.0,0.0
2800.000000014697,1,161,0.006172839506172839,-0.9889979135802468
2810.0000000149153,0,162,0.0,0.0
2820.0000000151335,0,162,0.0,0.0
2830.000000015352,0,162,0.0,0.0
2840.00000001557,0,162,0.0,0.0
2850.0000000157884,0,162,0.0,0.0
2860.0000000160067,0,162,0.0,0.0
2870.000000016225,0,162,0.0,0.0
2880.000000016443,0,162,0.0,0.0
2890.0000000166615,0,162,0.0,0.0
2900.0000000168798,0,162,0.0,0.0
2910.000000017098,0,162,0.0,0.0
2920.0000000173163,0,162,0.0,0.0
2930.0000000175346,0,162,0.0,0.0
2940.000000017753,0,162,0.0,0.0
2950.000000017971,0,162,0.0,0.0
2960.0000000181894,0,162,0.0,0.0
2970.0000000184077,1,161,0.006172839506172839,-0.9889979135802468
2980.000000018626,0,162,0.0,0.0
2990.0000000188443,0,162,0.0,0.0
3000.0000000190626,0,162,0.0,0.0
3010.000000019281,0,162,0.0,0.0
3020.000000019499,0,162,0.0,0.0
3030.0000000197174,0,162,0.0,0.0
3040.0000000199357,0,162,0.0,0.0
3050.000000020154,1,161,0.006172839506172839,-0.9889979135802468
3060.000000020372,0,162,0.0,0.0
3070.0000000205905,0,162,0.0,0.0
3080.000000020809,0,162,0.0,0.0
3090.000000021027,1,161,0.006172839506172839,-0.9889979135802468
3100.0000000212453,0,162,0.0,0.0
3110.0000000214636,0,162,0.0,0.0
3120.000000021682,3,159,0.018518518518518517,-2.9669937407407407
3130.0000000219,0,162,0.0,0.0
3140.0000000221185,0,162,0.0,0.0
3150.0000000223367,1,161,0.006172839506172839,-0.9889979135802468
3160.000000022555,1,161,0.006172839506172839,-0.9889979135802468
3170.0000000227733,0,162,0.0,0.0
3180.0000000229916,0,162,0.0,0.0
3190.00000002321,1,161,0.006172839506172839,-0.9889979135802468
3200.000000023428,0,162,0.0,0.0
3210.0000000236464,0,162,0.0,0.0
3220.0000000238647,0,162,0.0,0.0
3230.000000024083,1,161,0.006172839506172839,-0.9889979135802468
3240.0000000243012,0,162,0.0,0.0
3250.0000000245195,0,162,0.0,0.0
3260.000000024738,0,162,0.0,0.0
3270.000000024956,0,162,0.0,0.0
3280.0000000251744,0,162,0.0,0.0
3290.0000000253926,0,162,0.0,0.0
3300.000000025611,0,162,0.0,0.0
3310.000000025829,0,162,0.0,0.0
3320.0000000260475,0,162,0.0,0.0
3330.0000000262658,0,162,0.0,0.0
3340.000000026484,1,161,0.006172839506172839,-0.9889979135802468
3350.0000000267023,1,161,0.006172839506172839,-0.9889979135802468
3360.0000000269206,0,162,0.0,0.0
3370.000000027139,0,162,0.0,0.0
3380.000000027357,0,162,0.0,0.0
3390.0000000275754,0,162,0.0,0.0
3400.0000000277937,0,162,0.0,0.0
3410.000000028012,0,162,0.0,0.0
3420.0000000282303,0,162,0.0,0.0
3430.0000000284485,0,162,0.0,0.0
3440.000000028667,1,161,0.006172839506172839,-0.9889979135802468
3450.000000028885,0,162,0.0,0.0
3460.0000000291034,1,161,0.006172839506172839,-0.9889979135802468
3470.0000000293217,0,162,0.0,0.0
3480.00000002954,0,162,0.0,0.0
3490.000000029758,0,162,0.0,0.0
3500.0000000299765,0,162,0.0,0.0
3510.0000000301948,1,161,0.006172839506172839,-0.9889979135802468
3520.000000030413,0,162,0.0,0.0
3530.0000000306313,0,162,0.0,0.0
3540.0000000308496,0,162,0.0,0.0
3550.000000031068,0,162,0.0,0.0
3560.000000031286,0,162,0.0,0.0
3570.0000000315044,1,161,0.006172839506172839,-0.9889979135802468
3580.0000000317227,1,161,0.006172839506172839,-0.9889979135802468
3590.000000031941,0,162,0.0,0.0
3600.0000000321593,0,162,0.0,0.0
3610.0000000323776,0,162,0.0,0.0
3620.000000032596,1,161,0.006172839506172839,-0.9889979135802468
3630.000000032814,0,162,0.0,0.0
3640.0000000330324,0,162,0.0,0.0
3650.0000000332507,1,161,0.006172839506172839,-0.9889979135802468
3660.000000033469,0,162,0.0,0.0
3670.0000000336872,0,162,0.0,0.0
3680.0000000339055,0,162,0.0,0.0
3690.000000034124,0,162,0.0,0.0
3700.000000034342,0,162,0.0,0.0
3710.0000000345603,0,162,0.0,0.0
3720.0000000347786,0,162,0.0,0.0
3730.000000034997,0,162,0.0,0.0
3740.000000035215,0,162,0.0,0.0
3750.0000000354335,0,162,0.0,0.0
3760.0000000356517,0,162,0.0,0.0
3770.00000003587,0,162,0.0,0.0
3780.0000000360883,1,161,0.006172839506172839,-0.9889979135802468
3790.0000000363066,0,162,0.0,0.0
3800.000000036525,0,162,0.0,0.0
3810.000000036743,0,162,0.0,0.0
3820.0000000369614,0,162,0.0,0.0
3830.0000000371797,0,162,0.0,0.0
3840.000000037398,0,162,0.0,0.0
3850.0000000376162,0,162,0.0,0.0
3860.0000000378345,0,162,0.0,0.0
3870.000000038053,0,162,0.0,0.0
3880.000000038271,0,162,0.0,0.0
3890.0000000384894,0,162,0.0,0.0
3900.0000000387076,0,162,0.0,0.0
3910.000000038926,0,162,0.0,0.0
3920.000000039144,0,162,0.0,0.0
3930.0000000393625,0,162,0.0,0.0
3940.0000000395808,0,162,0.0,0.0
3950.000000039799,0,162,0.0,0.0
3960.0000000400173,0,162,0.0,0.0
3970.0000000402356,0,162,0.0,0.0
3980.000000040454,0,162,0.0,0.0
3990.000000040672,0,162,0.0,0.0
4000.0000000408904,0,162,0.0,0.0
4010.0000000411087,0,162,0.0,0.0
4020.000000041327,0,162,0.0,0.0
4030.0000000415453,0,162,0.0,0.0
4040.0000000417635,1,161,0.006172839506172839,-0.9889979135802468
4050.000000041982,0,162,0.0,0.0
4060.0000000422,0,162,0.0,0.0
4070.0000000424184,0,162,0.0,0.0
4080.0000000426367,0,162,0.0,0.0
4090.000000042855,1,161,0.006172839506172839,-0.9889979135802468
4100.000000043073,0,162,0.0,0.0
4110.000000043291,0,162,0.0,0.0
4120.000000043509,1,161,0.006172839506172839,-0.9889979135802468
4130.000000043728,0,162,0.0,0.0
4140.000000043946,0,162,0.0,0.0
4150.000000044164,1,161,0.006172839506172839,-0.9889979135802468
4160.000000044382,0,162,0.0,0.0
4170.000000044601,0,162,0.0,0.0
4180.000000044819,0,162,0.0,0.0
4190.000000045037,0,162,0.0,0.0
4200.000000045256,1,161,0.006172839506172839,-0.9889979135802468
4210.000000045474,0,162,0.0,0.0
4220.000000045692,0,162,0.0,0.0
4230.00000004591,0,162,0.0,0.0
4240.000000046129,0,162,0.0,0.0
4250.000000046347,0,162,0.0,0.0
4260.000000046565,0,162,0.0,0.0
4270.0000000467835,0,162,0.0,0.0
4280.000000047002,0,162,0.0,0.0
4290.00000004722,0,162,0.0,0.0
4300.000000047438,0,162,0.0,0.0
4310.000000047657,0,162,0.0,0.0
4320.000000047875,1,161,0.006172839506172839,-0.9889979135802468
4330.000000048093,0,162,0.0,0.0
4340.000000048311,0,162,0.0,0.0
4350.00000004853,0,162,0.0,0.0
4360.000000048748,1,161,0.006172839506172839,-0.9889979135802468
4370.000000048966,0,162,0.0,0.0
4380.000000049185,0,162,0.0,0.0
4390.000000049403,0,162,0.0,0.0
4400.000000049621,0,162,0.0,0.0
4410.000000049839,0,162,0.0,0.0
4420.000000050058,1,161,0.006172839506172839,-0.9889979135802468
4430.000000050276,0,162,0.0,0.0
4440.000000050494,0,162,0.0,0.0
4450.0000000507125,0,162,0.0,0.0
4460.000000050931,0,162,0.0,0.0
4470.000000051149,0,162,0.0,0.0
4480.000000051367,1,161,0.006172839506172839,-0.9889979135802468
4490.000000051586,0,162,0.0,0.0
4500.000000051804,0,162,0.0,0.0
4510.000000052022,0,162,0.0,0.0
4520.0000000522405,1,161,0.006172839506172839,-0.9889979135802468
4530.000000052459,1,161,0.006172839506172839,-0.9889979135802468
4540.000000052677,0,162,0.0,0.0
4550.000000052895,0,162,0.0,0.0
4560.000000053114,0,162,0.0,0.0
4570.000000053332,0,162,0.0,0.0
4580.00000005355,0,162,0.0,0.0
4590.000000053768,0,162,0.0,0.0
4600.000000053987,0,162,0.0,0.0
4610.000000054205,0,162,0.0,0.0
4620.000000054423,1,161,0.006172839506172839,-0.9889979135802468
4630.0000000546415,0,162,0.0,0.0
4640.00000005486,0,162,0.0,0.0
4650.000000055078,0,162,0.0,0.0
4660.000000055296,0,162,0.0,0.0
4670.000000055515,1,161,0.006172839506172839,-0.9889979135802468
4680.000000055733,1,161,0.006172839506172839,-0.9889979135802468
4690.000000055951,0,162,0.0,0.0
4700.0000000561695,1,161,0.006172839506172839,-0.9889979135802468
4710.000000056388,0,162,0.0,0.0
4720.000000056606,0,162,0.0,0.0
4730.000000056824,0,162,0.0,0.0
4740.000000057043,0,162,0.0,0.0
4750.000000057261,0,162,0.0,0.0
4760.000000057479,0,162,0.0,0.0
4770.000000057697,0,162,0.0,0.0
4780.000000057916,1,161,0.006172839506172839,-0.9889979135802468
4790.000000058134,1,161,0.006172839506172839,-0.9889979135802468
4800.000000058352,0,162,0.0,0.0
4810.000000058571,0,162,0.0,0.0
4820.000000058789,0,162,0.0,0.0
4830.000000059007,1,161,0.006172839506172839,-0.9889979135802468
4840.000000059225,0,162,0.0,0.0
4850.000000059444,0,162,0.0,0.0
4860.000000059662,0,162,0.0,0.0
4870.00000005988,0,162,0.0,0.0
4880.0000000600985,1,161,0.006172839506172839,-0.9889979135802468
4890.000000060317,0,162,0.0,0.0
4900.000000060535,0,162,0.0,0.0
4910.000000060753,0,162,0.0,0.0
4920.000000060972,0,162,0.0,0.0
4930.00000006119,0,162,0.0,0.0
4940.000000061408,0,162,0.0,0.0
4950.000000061626,0,162,0.0,0.0
4960.000000061845,1,161,0.006172839506172839,-0.9889979135802468
4970.000000062063,0,162,0.0,0.0
4980.000000062281,1,161,0.006172839506172839,-0.9889979135802468
4990.0000000625,0,162,0.0,0.0
5000.000000062718,0,162,0.0,0.0
5010.000000062936,0,162,0.0,0.0
5020.000000063154,0,162,0.0,0.0
5030.000000063373,0,162,0.0,0.0
5040.000000063591,0,162,0.0,0.0
5050.000000063809,0,162,0.0,0.0
5060.0000000640275,0,162,0.0,0.0
5070.000000064246,0,162,0.0,0.0
5080.000000064464,1,161,0.006172839506172839,-0.9889979135802468
5090.000000064682,0,162,0.0,0.0
5100.000000064901,0,162,0.0,0.0
5110.000000065119,0,162,0.0,0.0
5120.000000065337,0,162,0.0,0.0
5130.0000000655555,0,162,0.0,0.0
5140.000000065774,0,162,0.0,0.0
5150.000000065992,0,162,0.0,0.0
5160.00000006621,0,162,0.0,0.0
5170.000000066429,0,162,0.0,0.0
5180.000000066647,0,162,0.0,0.0
5190.000000066865,0,162,0.0,0.0
5200.000000067083,0,162,0.0,0.0
5210.000000067302,0,162,0.0,0.0
5220.00000006752,0,162,0.0,0.0
5230.000000067738,0,162,0.0,0.0
5240.0000000679565,1,161,0.006172839506172839,-0.9889979135802468
5250.000000068175,0,162,0.0,0.0
5260.000000068393,0,162,0.0,0.0
5270.000000068611,0,162,0.0,0.0
5280.00000006883,0,162,0.0,0.0
5290.000000069048,0,162,0.0,0.0
5300.000000069266,0,162,0.0,0.0
5310.0000000694845,0,162,0.0,0.0
5320.000000069703,1,161,0.006172839506172839,-0.9889979135802468
5330.000000069921,1,161,0.006172839506172839,-0.9889979135802468
5340.000000070139,0,162,0.0,0.0
5350.000000070358,0,162,0.0,0.0
5360.000000070576,0,162,0.0,0.0
5370.000000070794,0,162,0.0,0.0
5380.000000071012,0,162,0.0,0.0
5390.000000071231,0,162,0.0,0.0
5400.000000071449,0,162,0.0,0.0
5410.000000071667,0,162,0.0,0.0
5420.000000071886,0,162,0.0,0.0
5430.000000072104,0,162,0.0,0.0
5440.000000072322,0,162,0.0,0.0
5450.00000007254,0,162,0.0,0.0
5460.000000072759,1,161,0.006172839506172839,-0.9889979135802468
5470.000000072977,0,162,0.0,0.0
5480.000000073195,0,162,0.0,0.0
5490.0000000734135,1,161,0.006172839506172839,-0.9889979135802468
5500.000000073632,0,162,0.0,0.0
5510.00000007385,0,162,0.0,0.0
5520.000000074068,0,162,0.0,0.0
5530.000000074287,0,162,0.0,0.0
5540.000000074505,0,162,0.0,0.0
5550.000000074723,0,162,0.0,0.0
5560.000000074941,0,162,0.0,0.0
5570.00000007516,1,161,0.006172839506172839,-0.9889979135802468
5580.000000075378,0,162,0.0,0.0
5590.000000075596,0,162,0.0,0.0
5600.000000075815,0,162,0.0,0.0
5610.000000076033,0,162,0.0,0.0
5620.000000076251,0,162,0.0,0.0
5630.000000076469,0,162,0.0,0.0
5640.000000076688,0,162,0.0,0.0
5650.000000076906,0,162,0.0,0.0
5660.000000077124,0,162,0.0,0.0
5670.0000000773425,0,162,0.0,0.0
5680.000000077561,0,162,0.0,0.0
5690.000000077779,0,162,0.0,0.0
5700.000000077997,0,162,0.0,0.0
5710.000000078216,1,161,0.006172839506172839,-0.9889979135802468
5720.000000078434,0,162,0.0,0.0
5730.000000078652,0,162,0.0,0.0
5740.0000000788705,0,162,0.0,0.0
5750.000000079089,0,162,0.0,0.0
5760.000000079307,1,161,0.006172839506172839,-0.9889979135802468
5770.000000079525,0,162,0.0,0.0
5780.000000079744,0,162,0.0,0.0
5790.000000079962,0,162,0.0,0.0
5800.00000008018,1,161,0.006172839506172839,-0.9889979135802468
5810.000000080398,0,162,0.0,0.0
5820.000000080617,0,162,0.0,0.0
5830.000000080835,0,162,0.0,0.0
5840.000000081053,0,162,0.0,0.0
5850.0000000812715,0,162,0.0,0.0
5860.00000008149,0,162,0.0,0.0
5870.000000081708,0,162,0.0,0.0
5880.000000081926,0,162,0.0,0.0
5890.000000082145,1,161,0.006172839506172839,-0.9889979135802468
5900.000000082363,0,162,0.0,0.0
5910.000000082581,0,162,0.0,0.0
5920.0000000827995,0,162,0.0,0.0
5930.000000083018,0,162,0.0,0.0
5940.000000083236,0,162,0.0,0.0
5950.000000083454,0,162,0.0,0.0
5960.000000083673,0,162,0.0,0.0
5970.000000083891,1,161,0.006172839506172839,-0.9889979135802468
5980.000000084109,0,162,0.0,0.0
5990.000000084327,0,162,0.0,0.0
6000.000000084546,0,162,0.0,0.0
6010.000000084764,0,162,0.0,0.0
6020.000000084982,0,162,0.0,0.0
6030.000000085201,0,162,0.0,0.0
6040.000000085419,0,162,0.0,0.0
6050.000000085637,0,162,0.0,0.0
6060.000000085855,0,162,0.0,0.0
6070.000000086074,0,162,0.0,0.0
6080.000000086292,0,162,0.0,0.0
6090.00000008651,0,162,0.0,0.0
6100.0000000867285,1,161,0.006172839506172839,-0.9889979135802468
6110.000000086947,0,162,0.0,0.0
6120.000000087165,0,162,0.0,0.0
6130.000000087383,0,162,0.0,0.0
6140.000000087602,0,162,0.0,0.0
6150.00000008782,0,162,0.0,0.0
6160.000000088038,0,162,0.0,0.0
6170.0000000882565,0,162,0.0,0.0
6180.000000088475,0,162,0.0,0.0
6190.000000088693,0,162,0.0,0.0
6200.000000088911,0,162,0.0,0.0
6210.00000008913,0,162,0.0,0.0
6220.000000089348,0,162,0.0,0.0
6230.000000089566,0,162,0.0,0.0
6240.000000089784,0,162,0.0,0.0
6250.000000090003,0,162,0.0,0.0
6260.000000090221,0,162,0.0,0.0
6270.000000090439,0,162,0.0,0.0
6280.0000000906575,1,161,0.006172839506172839,-0.9889979135802468
6290.000000090876,0,162,0.0,0.0
6300.000000091094,0,162,0.0,0.0
6310.000000091312,0,162,0.0,0.0
6320.000000091531,0,162,0.0,0.0
6330.000000091749,0,162,0.0,0.0
6340.000000091967,1,161,0.006172839506172839,-0.9889979135802468
6350.0000000921855,2,160,0.012345679012345678,-1.9779958271604936
6360.000000092404,0,162,0.0,0.0
6370.000000092622,0,162,0.0,0.0
6380.00000009284,0,162,0.0,0.0
6390.000000093059,0,162,0.0,0.0
6400.000000093277,1,161,0.006172839506172839,-0.9889979135802468
6410.000000093495,0,162,0.0,0.0
6420.000000093713,0,162,0.0,0.0
6430.000000093932,0,162,0.0,0.0
6440.00000009415,0,162,0.0,0.0
6450.000000094368,0,162,0.0,0.0
6460.0000000945865,0,162,0.0,0.0
6470.000000094805,0,162,0.0,0.0
6480.000000095023,0,162,0.0,0.0
6490.000000095241,0,162,0.0,0.0
6500.00000009546,0,162,0.0,0.0
6510.000000095678,0,162,0.0,0.0
6520.000000095896,0,162,0.0,0.0
6530.0000000961145,0,162,0.0,0.0
6540.000000096333,0,162,0.0,0.0
6550.000000096551,0,162,0.0,0.0
6560.000000096769,0,162,0.0,0.0
6570.000000096988,0,162,0.0,0.0
6580.000000097206,0,162,0.0,0.0
6590.000000097424,0,162,0.0,0.0
6600.000000097642,1,161,0.006172839506172839,-0.9889979135802468
6610.000000097861,0,162,0.0,0.0
6620.000000098079,0,162,0.0,0.0
6630.000000098297,0,162,0.0,0.0
6640.000000098516,0,162,0.0,0.0
6650.000000098734,0,162,0.0,0.0
6660.000000098952,0,162,0.0,0.0
6670.00000009917,0,162,0.0,0.0
6680.000000099389,1,161,0.006172839506172839,-0.9889979135802468
6690.000000099607,0,162,0.0,0.0
6700.000000099825,0,162,0.0,0.0
6710.0000001000435,0,162,0.0,0.0
6720.000000100262,0,162,0.0,0.0
6730.00000010048,0,162,0.0,0.0
6740.000000100698,0,162,0.0,0.0
6750.000000100917,1,161,0.006172839506172839,-0.9889979135802468
6760.000000101135,1,161,0.006172839506172839,-0.9889979135802468
6770.000000101353,0,162,0.0,0.0
6780.0000001015715,0,162,0.0,0.0
6790.00000010179,0,162,0.0,0.0
6800.000000102008,0,162,0.0,0.0
6810.000000102226,0,162,0.0,0.0
6820.000000102445,0,162,0.0,0.0
6830.000000102663,1,161,0.006172839506172839,-0.9889979135802468
6840.000000102881,0,162,0.0,0.0
6850.000000103099,0,162,0.0,0.0
6860.000000103318,0,162,0.0,0.0
6870.000000103536,0,162,0.0,0.0
6880.000000103754,0,162,0.0,0.0
6890.0000001039725,0,162,0.0,0.0
6900.000000104191,0,162,0.0,0.0
6910.000000104409,0,162,0.0,0.0
6920.000000104627,0,162,0.0,0.0
6930.000000104846,0,162,0.0,0.0
6940.000000105064,0,162,0.0,0.0
6950.000000105282,0,162,0.0,0.0
6960.0000001055005,0,162,0.0,0.0
6970.000000105719,0,162,0.0,0.0
6980.000000105937,0,162,0.0,0.0
6990.000000106155,0,162,0.0,0.0
7000.000000106374,0,162,0.0,0.0
7010.000000106592,0,162,0.0,0.0
7020.00000010681,0,162,0.0,0.0
7030.000000107028,0,162,0.0,0.0
7040.000000107247,0,162,0.0,0.0
7050.000000107465,0,162,0.0,0.0
7060.000000107683,0,162,0.0,0.0
7070.0000001079015,1,161,0.006172839506172839,-0.9889979135802468
7080.00000010812,0,162,0.0,0.0
7090.000000108338,0,162,0.0,0.0
7100.000000108556,0,162,0.0,0.0
7110.000000108775,0,162,0.0,0.0
7120.000000108993,0,162,0.0,0.0
7130.000000109211,0,162,0.0,0.0
7140.0000001094295,0,162,0.0,0.0
7150.000000109648,0,162,0.0,0.0
7160.000000109866,0,162,0.0,0.0
7170.000000110084,0,162,0.0,0.0
7180.000000110303,0,162,0.0,0.0
7190.000000110521,0,162,0.0,0.0
7200.000000110739,0,162,0.0,0.0
7210.000000110957,0,162,0.0,0.0
7220.000000111176,0,162,0.0,0.0
7230.000000111394,0,162,0.0,0.0
7240.000000111612,0,162,0.0,0.0
7250.000000111831,0,162,0.0,0.0
7260.000000112049,0,162,0.0,0.0
7270.000000112267,0,162,0.0,0.0
7280.000000112485,0,162,0.0,0.0
7290.000000112704,0,162,0.0,0.0
7300.000000112922,0,162,0.0,0.0
7310.00000011314,0,162,0.0,0.0
7320.0000001133585,0,162,0.0,0.0
7330.000000113577,1,161,0.006172839506172839,-0.9889979135802468
7340.000000113795,1,161,0.006172839506172839,-0.9889979135802468
7350.000000114013,0,162,0.0,0.0
7360.000000114232,0,162,0.0,0.0
7370.00000011445,1,161,0.006172839506172839,-0.9889979135802468
7380.000000114668,0,162,0.0,0.0
7390.0000001148865,0,162,0.0,0.0
7400.000000115105,1,161,0.006172839506172839,-0.9889979135802468
7410.000000115323,0,162,0.0,0.0
7420.000000115541,0,162,0.0,0.0
7430.00000011576,0,162,0.0,0.0
7440.000000115978,1,161,0.006172839506172839,-0.9889979135802468
7450.000000116196,0,162,0.0,0.0
7460.000000116414,0,162,0.0,0.0
7470.000000116633,0,162,0.0,0.0
7480.000000116851,0,162,0.0,0.0
7490.000000117069,0,162,0.0,0.0
7500.0000001172875,1,161,0.006172839506172839,-0.9889979135802468
7510.000000117506,0,162,0.0,0.0
7520.000000117724,0,162,0.0,0.0
7530.000000117942,0,162,0.0,0.0
7540.000000118161,0,162,0.0,0.0
7550.000000118379,0,162,0.0,0.0
7560.000000118597,0,162,0.0,0.0
7570.0000001188155,0,162,0.0,0.0
7580.000000119034,0,162,0.0,0.0
7590.000000119252,0,162,0.0,0.0
7600.00000011947,0,162,0.0,0.0
7610.000000119689,0,162,0.0,0.0
7620.000000119907,0,162,0.0,0.0
7630.000000120125,0,162,0.0,0.0
7640.000000120343,0,162,0.0,0.0
7650.000000120562,1,161,0.006172839506172839,-0.9889979135802468
7660.00000012078,0,162,0.0,0.0
7670.000000120998,0,162,0.0,0.0
7680.0000001212165,0,162,0.0,0.0
7690.000000121435,0,162,0.0,0.0
7700.000000121653,0,162,0.0,0.0
7710.000000121871,0,162,0.0,0.0
7720.00000012209,0,162,0.0,0.0
7730.000000122308,0,162,0.0,0.0
7740.000000122526,0,162,0.0,0.0
7750.0000001227445,1,161,0.006172839506172839,-0.9889979135802468
7760.000000122963,0,162,0.0,0.0
7770.000000123181,0,162,0.0,0.0
7780.000000123399,0,162,0.0,0.0
7790.000000123618,0,162,0.0,0.0
7800.000000123836,0,162,0.0,0.0
7810.000000124054,0,162,0.0,0.0
7820.000000124272,0,162,0.0,0.0
7830.000000124491,0,162,0.0,0.0
7840.000000124709,0,162,0.0,0.0
7850.000000124927,0,162,0.0,0.0
7860.000000125146,0,162,0.0,0.0
7870.000000125364,0,162,0.0,0.0
7880.000000125582,0,162,0.0,0.0
7890.0000001258,0,162,0.0,0.0
7900.000000126019,0,162,0.0,0.0
7910.000000126237,0,162,0.0,0.0
7920.000000126455,0,162,0.0,0.0
7930.0000001266735,0,162,0.0,0.0
7940.000000126892,1,161,0.006172839506172839,-0.9889979135802468
7950.00000012711,0,162,0.0,0.0
7960.000000127328,0,162,0.0,0.0
7970.000000127547,0,162,0.0,0.0
7980.000000127765,0,162,0.0,0.0
7990.000000127983,0,162,0.0,0.0
8000.0000001282015,0,162,0.0,0.0
8010.00000012842,0,162,0.0,0.0
8020.000000128638,0,162,0.0,0.0
8030.000000128856,0,162,0.0,0.0
8040.000000129075,0,162,0.0,0.0
8050.000000129293,0,162,0.0,0.0
8060.000000129511,0,162,0.0,0.0
8070.000000129729,0,162,0.0,0.0
8080.000000129948,0,162,0.0,0.0
8090.000000130166,0,162,0.0,0.0
8100.000000130384,1,161,0.006172839506172839,-0.9889979135802468
8110.0000001306025,0,162,0.0,0.0
8120.000000130821,0,162,0.0,0.0
8130.000000131039,0,162,0.0,0.0
8140.000000131257,0,162,0.0,0.0
8150.000000131476,0,162,0.0,0.0
8160.000000131694,0,162,0.0,0.0
8170.000000131912,0,162,0.0,0.0
8180.0000001321305,1,161,0.006172839506172839,-0.9889979135802468
8190.000000132349,0,162,0.0,0.0
8200.000000132566,0,162,0.0,0.0
8210.000000132784,0,162,0.0,0.0
8220.000000133003,1,161,0.006172839506172839,-0.9889979135802468
8230.000000133221,0,162,0.0,0.0
8240.00000013344,1,161,0.006172839506172839,-0.9889979135802468
8250.000000133658,0,162,0.0,0.0
8260.000000133876,0,162,0.0,0.0
8270.000000134094,1,161,0.006172839506172839,-0.9889979135802468
8280.000000134312,0,162,0.0,0.0
8290.00000013453,0,162,0.0,0.0
8300.000000134749,0,162,0.0,0.0
8310.000000134967,0,162,0.0,0.0
8320.000000135185,0,162,0.0,0.0
8330.000000135404,0,162,0.0,0.0
8340.000000135622,0,162,0.0,0.0
8350.00000013584,0,162,0.0,0.0
8360.000000136059,0,162,0.0,0.0
8370.000000136277,0,162,0.0,0.0
8380.000000136495,0,162,0.0,0.0
8390.000000136713,0,162,0.0,0.0
8400.000000136932,0,162,0.0,0.0
8410.00000013715,1,161,0.006172839506172839,-0.9889979135802468
8420.000000137368,0,162,0.0,0.0
8430.000000137587,0,162,0.0,0.0
8440.000000137805,1,161,0.006172839506172839,-0.9889979135802468
8450.000000138023,0,162,0.0,0.0
8460.000000138241,0,162,0.0,0.0
8470.00000013846,1,161,0.006172839506172839,-0.9889979135802468
8480.000000138678,0,162,0.0,0.0
8490.000000138896,1,161,0.006172839506172839,-0.9889979135802468
8500.000000139114,0,162,0.0,0.0
8510.000000139333,0,162,0.0,0.0
8520.000000139551,0,162,0.0,0.0
8530.00000013977,0,162,0.0,0.0
8540.000000139988,0,162,0.0,0.0
8550.000000140206,0,162,0.0,0.0
8560.000000140424,0,162,0.0,0.0
8570.000000140642,0,162,0.0,0.0
8580.00000014086,1,161,0.006172839506172839,-0.9889979135802468
8590.000000141079,2,160,0.012345679012345678,-1.9779958271604936
8600.000000141297,0,162,0.0,0.0
8610.000000141516,0,162,0.0,0.0
8620.000000141734,0,162,0.0,0.0
8630.000000141952,2,160,0.012345679012345678,-1.9779958271604936
8640.00000014217,0,162,0.0,0.0
8650.000000142389,0,162,0.0,0.0
8660.000000142607,0,162,0.0,0.0
8670.000000142825,0,162,0.0,0.0
8680.000000143044,0,162,0.0,0.0
8690.000000143262,0,162,0.0,0.0
8700.00000014348,0,162,0.0,0.0
8710.000000143698,0,162,0.0,0.0
8720.000000143917,0,162,0.0,0.0
8730.000000144135,0,162,0.0,0.0
8740.000000144353,0,162,0.0,0.0
8750.000000144571,0,162,0.0,0.0
8760.00000014479,0,162,0.0,0.0
8770.000000145008,0,162,0.0,0.0
8780.000000145226,0,162,0.0,0.0
8790.000000145445,0,162,0.0,0.0
8800.000000145663,0,162,0.0,0.0
8810.000000145881,0,162,0.0,0.0
8820.0000001461,0,162,0.0,0.0
8830.000000146318,0,162,0.0,0.0
8840.000000146536,0,162,0.0,0.0
8850.000000146754,0,162,0.0,0.0
8860.000000146973,0,162,0.0,0.0
8870.00000014719,0,162,0.0,0.0
8880.000000147409,0,162,0.0,0.0
8890.000000147627,0,162,0.0,0.0
8900.000000147846,0,162,0.0,0.0
8910.000000148064,0,162,0.0,0.0
8920.000000148282,0,162,0.0,0.0
8930.0000001485,0,162,0.0,0.0
8940.000000148719,0,162,0.0,0.0
8950.000000148937,0,162,0.0,0.0
8960.000000149155,0,162,0.0,0.0
8970.000000149374,0,162,0.0,0.0
8980.000000149592,0,162,0.0,0.0
8990.00000014981,0,162,0.0,0.0
9000.000000150028,1,161,0.006172839506172839,-0.9889979135802468
9010.000000150247,0,162,0.0,0.0
9020.000000150465,0,162,0.0,0.0
9030.000000150683,1,161,0.006172839506172839,-0.9889979135802468
9040.000000150902,0,162,0.0,0.0
9050.00000015112,0,162,0.0,0.0
9060.000000151338,0,162,0.0,0.0
9070.000000151556,0,162,0.0,0.0
9080.000000151775,0,162,0.0,0.0
9090.000000151993,2,160,0.012345679012345678,-1.9779958271604936
9100.000000152211,0,162,0.0,0.0
9110.00000015243,0,162,0.0,0.0
9120.000000152648,0,162,0.0,0.0
9130.000000152866,0,162,0.0,0.0
9140.000000153084,0,162,0.0,0.0
9150.000000153303,0,162,0.0,0.0
9160.00000015352,0,162,0.0,0.0
9170.00000015374,0,162,0.0,0.0
9180.000000153957,0,162,0.0,0.0
9190.000000154176,1,161,0.006172839506172839,-0.9889979135802468
9200.000000154394,0,162,0.0,0.0
9210.000000154612,0,162,0.0,0.0
9220.00000015483,0,162,0.0,0.0
9230.000000155049,0,162,0.0,0.0
9240.000000155267,0,162,0.0,0.0
9250.000000155485,1,161,0.006172839506172839,-0.9889979135802468
9260.000000155704,0,162,0.0,0.0
9270.000000155922,0,162,0.0,0.0
9280.00000015614,0,162,0.0,0.0
9290.000000156359,0,162,0.0,0.0
9300.000000156577,0,162,0.0,0.0
9310.000000156795,0,162,0.0,0.0
9320.000000157013,0,162,0.0,0.0
9330.000000157232,0,162,0.0,0.0
9340.00000015745,0,162,0.0,0.0
9350.000000157668,0,162,0.0,0.0
9360.000000157886,0,162,0.0,0.0
9370.000000158105,0,162,0.0,0.0
9380.000000158323,0,162,0.0,0.0
9390.000000158541,0,162,0.0,0.0
9400.00000015876,0,162,0.0,0.0
9410.000000158978,1,161,0.006172839506172839,-0.9889979135802468
9420.000000159196,0,162,0.0,0.0
9430.000000159414,0,162,0.0,0.0
9440.000000159633,0,162,0.0,0.0
9450.000000159851,0,162,0.0,0.0
9460.00000016007,1,161,0.006172839506172839,-0.9889979135802468
9470.000000160288,1,161,0.006172839506172839,-0.9889979135802468
9480.000000160506,0,162,0.0,0.0
9490.000000160724,0,162,0.0,0.0
9500.000000160942,0,162,0.0,0.0
9510.00000016116,0,162,0.0,0.0
9520.000000161379,0,162,0.0,0.0
9530.000000161597,0,162,0.0,0.0
9540.000000161815,1,161,0.006172839506172839,-0.9889979135802468
9550.000000162034,0,162,0.0,0.0
9560.000000162252,0,162,0.0,0.0
9570.00000016247,1,161,0.006172839506172839,-0.9889979135802468
9580.000000162689,0,162,0.0,0.0
9590.000000162907,1,161,0.006172839506172839,-0.9889979135802468
9600.000000163125,0,162,0.0,0.0
9610.000000163343,0,162,0.0,0.0
9620.000000163562,0,162,0.0,0.0
9630.00000016378,1,161,0.006172839506172839,-0.9889979135802468
9640.000000163998,0,162,0.0,0.0
9650.000000164217,0,162,0.0,0.0
9660.000000164435,0,162,0.0,0.0
9670.000000164653,0,162,0.0,0.0
9680.000000164871,0,162,0.0,0.0
9690.00000016509,0,162,0.0,0.0
9700.000000165308,0,162,0.0,0.0
9710.000000165526,1,161,0.006172839506172839,-0.9889979135802468
9720.000000165744,0,162,0.0,0.0
9730.000000165963,0,162,0.0,0.0
9740.000000166181,0,162,0.0,0.0
9750.0000001664,0,162,0.0,0.0
9760.000000166618,0,162,0.0,0.0
9770.000000166836,0,162,0.0,0.0
9780.000000167054,0,162,0.0,0.0
9790.000000167272,0,162,0.0,0.0
9800.00000016749,0,162,0.0,0.0
9810.000000167709,0,162,0.0,0.0
9820.000000167927,0,162,0.0,0.0
9830.000000168146,0,162,0.0,0.0
9840.000000168364,0,162,0.0,0.0
9850.000000168582,0,162,0.0,0.0
9860.0000001688,0,162,0.0,0.0
9870.000000169019,1,161,0.006172839506172839,-0.9889979135802468
9880.000000169237,0,162,0.0,0.0
9890.000000169455,0,162,0.0,0.0
9900.000000169674,0,162,0.0,0.0
9910.000000169892,0,162,0.0,0.0
9920.00000017011,0,162,0.0,0.0
9930.000000170328,1,161,0.006172839506172839,-0.9889979135802468
9940.000000170547,0,162,0.0,0.0
9950.000000170765,1,161,0.006172839506172839,-0.9889979135802468
9960.000000170983,0,162,0.0,0.0
9970.000000171201,0,162,0.0,0.0
9980.00000017142,0,162,0.0,0.0
9990.000000171638,0,162,0.0,0.0
10000.000000171856,0,162,0.0,0.0
10010.000000172075,0,162,0.0,0.0
10020.000000172293,1,161,0.006172839506172839,-0.9889979135802468
10030.000000172511,0,162,0.0,0.0
10040.00000017273,0,162,0.0,0.0
10050.000000172948,0,162,0.0,0.0
10060.000000173166,0,162,0.0,0.0
10070.000000173384,0,162,0.0,0.0
10080.000000173603,0,162,0.0,0.0
10090.00000017382,0,162,0.0,0.0
10100.000000174039,0,162,0.0,0.0
10110.000000174257,0,162,0.0,0.0
10120.000000174476,0,162,0.0,0.0
10130.000000174694,0,162,0.0,0.0
10140.000000174912,0,162,0.0,0.0
10150.00000017513,0,162,0.0,0.0
10160.000000175349,0,162,0.0,0.0
10170.000000175567,0,162,0.0,0.0
10180.000000175785,0,162,0.0,0.0
10190.000000176004,1,161,0.006172839506172839,-0.9889979135802468
10200.000000176222,0,162,0.0,0.0
10210.00000017644,0,162,0.0,0.0
10220.000000176658,0,162,0.0,0.0
10230.000000176877,0,162,0.0,0.0
10240.000000177095,0,162,0.0,0.0
10250.000000177313,0,162,0.0,0.0
10260.000000177532,0,162,0.0,0.0
10270.00000017775,0,162,0.0,0.0
10280.000000177968,0,162,0.0,0.0
10290.000000178186,0,162,0.0,0.0
10300.000000178405,0,162,0.0,0.0
10310.000000178623,0,162,0.0,0.0
10320.000000178841,0,162,0.0,0.0
10330.00000017906,0,162,0.0,0.0
10340.000000179278,1,161,0.006172839506172839,-0.9889979135802468
10350.000000179496,0,162,0.0,0.0
10360.000000179714,1,161,0.006172839506172839,-0.9889979135802468
10370.000000179933,0,162,0.0,0.0
10380.00000018015,1,161,0.006172839506172839,-0.9889979135802468
10390.00000018037,0,162,0.0,0.0
10400.000000180587,0,162,0.0,0.0
10410.000000180806,1,161,0.006172839506172839,-0.9889979135802468
10420.000000181024,0,162,0.0,0.0
10430.000000181242,0,162,0.0,0.0
10440.00000018146,0,162,0.0,0.0
10450.000000181679,0,162,0.0,0.0
10460.000000181897,0,162,0.0,0.0
10470.000000182115,1,161,0.006172839506172839,-0.9889979135802468
10480.000000182334,0,162,0.0,0.0
10490.000000182552,0,162,0.0,0.0
10500.00000018277,0,162,0.0,0.0
10510.000000182989,0,162,0.0,0.0
10520.000000183207,0,162,0.0,0.0
10530.000000183425,1,161,0.006172839506172839,-0.9889979135802468
10540.000000183643,0,162,0.0,0.0
10550.000000183862,0,162,0.0,0.0
10560.00000018408,0,162,0.0,0.0
10570.000000184298,0,162,0.0,0.0
10580.000000184516,0,162,0.0,0.0
10590.000000184735,0,162,0.0,0.0
10600.000000184953,0,162,0.0,0.0
10610.000000185171,1,161,0.006172839506172839,-0.9889979135802468
10620.00000018539,0,162,0.0,0.0
10630.000000185608,0,162,0.0,0.0
10640.000000185826,0,162,0.0,0.0
10650.000000186044,0,162,0.0,0.0
10660.000000186263,0,162,0.0,0.0
10670.000000186481,0,162,0.0,0.0
10680.0000001867,0,162,0.0,0.0
10690.000000186918,0,162,0.0,0.0
10700.000000187136,0,162,0.0,0.0
10710.000000187354,0,162,0.0,0.0
10720.000000187572,1,161,0.006172839506172839,-0.9889979135802468
10730.00000018779,1,161,0.006172839506172839,-0.9889979135802468
10740.000000188009,0,162,0.0,0.0
10750.000000188227,0,162,0.0,0.0
10760.000000188445,0,162,0.0,0.0
10770.000000188664,0,162,0.0,0.0
10780.000000188882,0,162,0.0,0.0
10790.0000001891,0,162,0.0,0.0
10800.000000189319,0,162,0.0,0.0
10810.000000189537,0,162,0.0,0.0
10820.000000189755,0,162,0.0,0.0
10830.000000189973,0,162,0.0,0.0
10840.000000190192,0,162,0.0,0.0
10850.00000019041,0,162,0.0,0.0
10860.000000190628,1,161,0.006172839506172839,-0.9889979135802468
10870.000000190847,0,162,0.0,0.0
10880.000000191065,0,162,0.0,0.0
10890.000000191283,0,162,0.0,0.0
10900.000000191501,0,162,0.0,0.0
10910.00000019172,0,162,0.0,0.0
10920.000000191938,1,161,0.006172839506172839,-0.9889979135802468
10930.000000192156,0,162,0.0,0.0
10940.000000192375,1,161,0.006172839506172839,-0.9889979135802468
10950.000000192593,0,162,0.0,0.0
10960.000000192811,0,162,0.0,0.0
10970.00000019303,0,162,0.0,0.0
10980.000000193248,0,162,0.0,0.0
10990.000000193466,0,162,0.0,0.0
11000.000000193684,0,162,0.0,0.0
11010.000000193902,0,162,0.0,0.0
11020.00000019412,0,162,0.0,0.0
11030.000000194339,0,162,0.0,0.0
11040.000000194557,0,162,0.0,0.0
11050.000000194776,1,161,0.006172839506172839,-0.9889979135802468
11060.000000194994,0,162,0.0,0.0
11070.000000195212,0,162,0.0,0.0
11080.00000019543,0,162,0.0,0.0
11090.000000195649,0,162,0.0,0.0
11100.000000195867,0,162,0.0,0.0
11110.000000196085,0,162,0.0,0.0
11120.000000196304,0,162,0.0,0.0
11130.000000196522,0,162,0.0,0.0
11140.00000019674,0,162,0.0,0.0
11150.000000196958,1,161,0.006172839506172839,-0.9889979135802468
11160.000000197177,0,162,0.0,0.0
11170.000000197395,0,162,0.0,0.0
11180.000000197613,0,162,0.0,0.0
11190.000000197831,0,162,0.0,0.0
11200.00000019805,0,162,0.0,0.0
11210.000000198268,0,162,0.0,0.0
11220.000000198486,0,162,0.0,0.0
11230.000000198705,0,162,0.0,0.0
11240.000000198923,1,161,0.006172839506172839,-0.9889979135802468
11250.000000199141,1,161,0.006172839506172839,-0.9889979135802468
11260.00000019936,0,162,0.0,0.0
11270.000000199578,1,161,0.006172839506172839,-0.9889979135802468
11280.000000199796,1,161,0.006172839506172839,-0.9889979135802468
11290.000000200014,0,162,0.0,0.0
11300.000000200233,0,162,0.0,0.0
11310.00000020045,0,162,0.0,0.0
11320.00000020067,0,162,0.0,0.0
11330.000000200887,0,162,0.0,0.0
11340.000000201106,0,162,0.0,0.0
11350.000000201324,1,161,0.006172839506172839,-0.9889979135802468
11360.000000201542,0,162,0.0,0.0
11370.00000020176,0,162,0.0,0.0
11380.000000201979,1,161,0.006172839506172839,-0.9889979135802468
11390.000000202197,0,162,0.0,0.0
11400.000000202415,0,162,0.0,0.0
11410.000000202634,0,162,0.0,0.0
11420.000000202852,0,162,0.0,0.0
11430.00000020307,0,162,0.0,0.0
11440.000000203288,0,162,0.0,0.0
11450.000000203507,0,162,0.0,0.0
11460.000000203725,0,162,0.0,0.0
11470.000000203943,0,162,0.0,0.0
11480.000000204162,0,162,0.0,0.0
11490.00000020438,0,162,0.0,0.0
11500.000000204598,1,161,0.006172839506172839,-0.9889979135802468
11510.000000204816,0,162,0.0,0.0
11520.000000205035,0,162,0.0,0.0
11530.000000205253,0,162,0.0,0.0
11540.000000205471,0,162,0.0,0.0
11550.00000020569,1,161,0.006172839506172839,-0.9889979135802468
11560.000000205908,1,161,0.006172839506172839,-0.9889979135802468
11570.000000206126,0,162,0.0,0.0
11580.000000206344,0,162,0.0,0.0
11590.000000206563,0,162,0.0,0.0
11600.00000020678,0,162,0.0,0.0
11610.000000207,0,162,0.0,0.0
11620.000000207217,0,162,0.0,0.0
11630.000000207436,0,162,0.0,0.0
11640.000000207654,0,162,0.0,0.0
11650.000000207872,0,162,0.0,0.0
11660.00000020809,0,162,0.0,0.0
11670.000000208309,0,162,0.0,0.0
11680.000000208527,0,162,0.0,0.0
11690.000000208745,0,162,0.0,0.0
11700.000000208964,0,162,0.0,0.0
11710.000000209182,0,162,0.0,0.0
11720.0000002094,0,162,0.0,0.0
11730.000000209619,0,162,0.0,0.0
11740.000000209837,0,162,0.0,0.0
11750.000000210055,0,162,0.0,0.0
11760.000000210273,1,161,0.006172839506172839,-0.9889979135802468
11770.000000210492,0,162,0.0,0.0
11780.00000021071,0,162,0.0,0.0
11790.000000210928,0,162,0.0,0.0
11800.000000211146,0,162,0.0,0.0
11810.000000211365,0,162,0.0,0.0
11820.000000211583,0,162,0.0,0.0
11830.000000211801,0,162,0.0,0.0
11840.00000021202,1,161,0.006172839506172839,-0.9889979135802468
11850.000000212238,0,162,0.0,0.0
11860.000000212456,0,162,0.0,0.0
11870.000000212674,0,162,0.0,0.0
11880.000000212893,0,162,0.0,0.0
11890.000000213111,0,162,0.0,0.0
11900.00000021333,0,162,0.0,0.0
11910.000000213548,0,162,0.0,0.0
11920.000000213766,0,162,0.0,0.0
11930.000000213984,0,162,0.0,0.0
11940.000000214202,0,162,0.0,0.0
11950.00000021442,0,162,0.0,0.0
11960.000000214639,0,162,0.0,0.0
11970.000000214857,0,162,0.0,0.0
11980.000000215075,0,162,0.0,0.0
11990.000000215294,0,162,0.0,0.0
12000.000000215512,0,162,0.0,0.0
12010.00000021573,0,162,0.0,0.0
12020.000000215949,0,162,0.0,0.0
12030.000000216167,0,162,0.0,0.0
12040.000000216385,0,162,0.0,0.0
12050.000000216603,0,162,0.0,0.0
12060.000000216822,0,162,0.0,0.0
12070.00000021704,0,162,0.0,0.0
12080.000000217258,0,162,0.0,0.0
12090.000000217477,0,162,0.0,0.0
12100.000000217695,0,162,0.0,0.0
12110.000000217913,0,162,0.0,0.0
12120.000000218131,0,162,0.0,0.0
12130.00000021835,0,162,0.0,0.0
12140.000000218568,0,162,0.0,0.0
12150.000000218786,0,162,0.0,0.0
12160.000000219005,0,162,0.0,0.0
12170.000000219223,0,162,0.0,0.0
12180.000000219441,0,162,0.0,0.0
12190.00000021966,0,162,0.0,0.0
12200.000000219878,0,162,0.0,0.0
12210.000000220096,0,162,0.0,0.0
12220.000000220314,0,162,0.0,0.0
12230.000000220532,0,162,0.0,0.0
12240.00000022075,0,162,0.0,0.0
12250.000000220969,0,162,0.0,0.0
12260.000000221187,0,162,0.0,0.0
12270.000000221406,0,162,0.0,0.0
12280.000000221624,1,161,0.006172839506172839,-0.9889979135802468
12290.000000221842,0,162,0.0,0.0
12300.00000022206,0,162,0.0,0.0
12310.000000222279,0,162,0.0,0.0
12320.000000222497,0,162,0.0,0.0
12330.000000222715,1,161,0.006172839506172839,-0.9889979135802468
12340.000000222934,0,162,0.0,0.0
12350.000000223152,1,161,0.006172839506172839,-0.9889979135802468
12360.00000022337,0,162,0.0,0.0
12370.000000223588,0,162,0.0,0.0
12380.000000223807,1,161,0.006172839506172839,-0.9889979135802468
12390.000000224025,0,162,0.0,0.0
12400.000000224243,0,162,0.0,0.0
12410.000000224461,0,162,0.0,0.0
12420.00000022468,0,162,0.0,0.0
12430.000000224898,0,162,0.0,0.0
12440.000000225116,1,161,0.006172839506172839,-0.9889979135802468
12450.000000225335,1,161,0.006172839506172839,-0.9889979135802468
12460.000000225553,0,162,0.0,0.0
12470.000000225771,0,162,0.0,0.0
12480.00000022599,0,162,0.0,0.0
12490.000000226208,0,162,0.0,0.0
12500.000000226426,0,162,0.0,0.0
12510.000000226644,0,162,0.0,0.0
12520.000000226863,0,162,0.0,0.0
12530.00000022708,1,161,0.006172839506172839,-0.9889979135802468
12540.0000002273,1,161,0.006172839506172839,-0.9889979135802468
12550.000000227517,1,161,0.006172839506172839,-0.9889979135802468
12560.000000227736,0,162,0.0,0.0
12570.000000227954,0,162,0.0,0.0
12580.000000228172,0,162,0.0,0.0
12590.00000022839,0,162,0.0,0.0
12600.000000228609,1,161,0.006172839506172839,-0.9889979135802468
12610.000000228827,0,162,0.0,0.0
12620.000000229045,0,162,0.0,0.0
12630.000000229264,0,162,0.0,0.0
12640.000000229482,0,162,0.0,0.0
12650.0000002297,0,162,0.0,0.0
12660.000000229918,0,162,0.0,0.0
12670.000000230137,0,162,0.0,0.0
12680.000000230355,0,162,0.0,0.0
12690.000000230573,0,162,0.0,0.0
12700.000000230792,0,162,0.0,0.0
12710.00000023101,0,162,0.0,0.0
12720.000000231228,0,162,0.0,0.0
12730.000000231446,1,161,0.006172839506172839,-0.9889979135802468
12740.000000231665,0,162,0.0,0.0
12750.000000231883,0,162,0.0,0.0
12760.000000232101,0,162,0.0,0.0
12770.00000023232,0,162,0.0,0.0
12780.000000232538,0,162,0.0,0.0
12790.000000232756,0,162,0.0,0.0
12800.000000232974,0,162,0.0,0.0
12810.000000233193,0,162,0.0,0.0
12820.00000023341,2,160,0.012345679012345678,-1.9779958271604936
12830.00000023363,0,162,0.0,0.0
12840.000000233847,0,162,0.0,0.0
12850.000000234066,0,162,0.0,0.0
12860.000000234284,0,162,0.0,0.0
12870.000000234502,0,162,0.0,0.0
12880.00000023472,0,162,0.0,0.0
12890.000000234939,0,162,0.0,0.0
12900.000000235157,0,162,0.0,0.0
12910.000000235375,0,162,0.0,0.0
12920.000000235594,0,162,0.0,0.0
12930.000000235812,0,162,0.0,0.0
12940.00000023603,0,162,0.0,0.0
12950.000000236249,0,162,0.0,0.0
12960.000000236467,0,162,0.0,0.0
12970.000000236685,1,161,0.006172839506172839,-0.9889979135802468
12980.000000236903,0,162,0.0,0.0
12990.000000237122,0,162,0.0,0.0
13000.00000023734,0,162,0.0,0.0
13010.000000237558,1,161,0.006172839506172839,-0.9889979135802468
13020.000000237776,0,162,0.0,0.0
13030.000000237995,0,162,0.0,0.0
13040.000000238213,0,162,0.0,0.0
13050.000000238431,0,162,0.0,0.0
13060.00000023865,0,162,0.0,0.0
13070.000000238868,0,162,0.0,0.0
13080.000000239086,0,162,0.0,0.0
13090.000000239304,0,162,0.0,0.0
13100.000000239523,0,162,0.0,0.0
13110.000000239741,0,162,0.0,0.0
13120.00000023996,0,162,0.0,0.0
13130.000000240178,0,162,0.0,0.0
13140.000000240396,0,162,0.0,0.0
13150.000000240614,0,162,0.0,0.0
13160.000000240832,0,162,0.0,0.0
13170.00000024105,0,162,0.0,0.0
13180.000000241269,0,162,0.0,0.0
13190.000000241487,0,162,0.0,0.0
13200.000000241705,0,162,0.0,0.0
13210.000000241924,1,161,0.006172839506172839,-0.9889979135802468
13220.000000242142,0,162,0.0,0.0
13230.00000024236,1,161,0.006172839506172839,-0.9889979135802468
13240.000000242579,0,162,0.0,0.0
13250.000000242797,0,162,0.0,0.0
13260.000000243015,0,162,0.0,0.0
13270.000000243233,0,162,0.0,0.0
13280.000000243452,0,162,0.0,0.0
13290.00000024367,0,162,0.0,0.0
13300.000000243888,0,162,0.0,0.0
13310.000000244107,0,162,0.0,0.0
13320.000000244325,0,162,0.0,0.0
13330.000000244543,0,162,0.0,0.0
13340.000000244761,0,162,0.0,0.0
13350.00000024498,0,162,0.0,0.0
13360.000000245198,0,162,0.0,0.0
13370.000000245416,0,162,0.0,0.0
13380.000000245635,0,162,0.0,0.0
13390.000000245853,0,162,0.0,0.0
13400.000000246071,0,162,0.0,0.0
13410.00000024629,0,162,0.0,0.0
13420.000000246508,0,162,0.0,0.0
13430.000000246726,0,162,0.0,0.0
13440.000000246944,2,160,0.012345679012345678,-1.9779958271604936
13450.000000247162,0,162,0.0,0.0
13460.00000024738,0,162,0.0,0.0
13470.000000247599,0,162,0.0,0.0
13480.000000247817,0,162,0.0,0.0
13490.000000248036,0,162,0.0,0.0
13500.000000248254,0,162,0.0,0.0
13510.000000248472,0,162,0.0,0.0
13520.00000024869,1,161,0.006172839506172839,-0.9889979135802468
13530.000000248909,0,162,0.0,0.0
13540.000000249127,1,161,0.006172839506172839,-0.9889979135802468
13550.000000249345,0,162,0.0,0.0
13560.000000249564,0,162,0.0,0.0
13570.000000249782,0,162,0.0,0.0
13580.00000025,0,162,0.0,0.0
13590.000000250218,0,162,0.0,0.0
13600.000000250437,0,162,0.0,0.0
13610.000000250655,0,162,0.0,0.0
13620.000000250873,0,162,0.0,0.0
13630.000000251091,0,162,0.0,0.0
13640.00000025131,0,162,0.0,0.0
13650.000000251528,0,162,0.0,0.0
13660.000000251746,0,162,0.0,0.0
13670.000000251965,0,162,0.0,0.0
13680.000000252183,0,162,0.0,0.0
13690.000000252401,0,162,0.0,0.0
13700.00000025262,0,162,0.0,0.0
13710.000000252838,1,161,0.006172839506172839,-0.9889979135802468
13720.000000253056,0,162,0.0,0.0
13730.000000253274,1,161,0.006172839506172839,-0.9889979135802468
13740.000000253493,0,162,0.0,0.0
13750.00000025371,0,162,0.0,0.0
13760.00000025393,0,162,0.0,0.0
13770.000000254147,1,161,0.006172839506172839,-0.9889979135802468
13780.000000254366,0,162,0.0,0.0
13790.000000254584,0,162,0.0,0.0
13800.000000254802,0,162,0.0,0.0
13810.00000025502,0,162,0.0,0.0
13820.000000255239,0,162,0.0,0.0
13830.000000255457,0,162,0.0,0.0
13840.000000255675,0,162,0.0,0.0
13850.000000255894,0,162,0.0,0.0
13860.000000256112,1,161,0.006172839506172839,-0.9889979135802468
13870.00000025633,0,162,0.0,0.0
13880.000000256548,0,162,0.0,0.0
13890.000000256767,0,162,0.0,0.0
13900.000000256985,0,162,0.0,0.0
13910.000000257203,0,162,0.0,0.0
13920.000000257422,0,162,0.0,0.0
13930.00000025764,0,162,0.0,0.0
13940.000000257858,0,162,0.0,0.0
13950.000000258076,0,162,0.0,0.0
13960.000000258295,0,162,0.0,0.0
13970.000000258513,0,162,0.0,0.0
13980.000000258731,0,162,0.0,0.0
13990.00000025895,0,162,0.0,0.0
14000.000000259168,0,162,0.0,0.0
14010.000000259386,0,162,0.0,0.0
14020.000000259604,0,162,0.0,0.0
14030.000000259823,0,162,0.0,0.0
14040.00000026004,0,162,0.0,0.0
14050.00000026026,0,162,0.0,0.0
14060.000000260477,0,162,0.0,0.0
14070.000000260696,0,162,0.0,0.0
14080.000000260914,0,162,0.0,0.0
14090.000000261132,0,162,0.0,0.0
14100.00000026135,1,161,0.006172839506172839,-0.9889979135802468
14110.000000261569,0,162,0.0,0.0
14120.000000261787,0,162,0.0,0.0
14130.000000262005,0,162,0.0,0.0
14140.000000262224,0,162,0.0,0.0
14150.000000262442,0,162,0.0,0.0
14160.00000026266,0,162,0.0,0.0
14170.000000262879,0,162,0.0,0.0
14180.000000263097,0,162,0.0,0.0
14190.000000263315,0,162,0.0,0.0
14200.000000263533,0,162,0.0,0.0
14210.000000263752,0,162,0.0,0.0
14220.00000026397,0,162,0.0,0.0
14230.000000264188,0,162,0.0,0.0
14240.000000264406,0,162,0.0,0.0
14250.000000264625,0,162,0.0,0.0
14260.000000264843,0,162,0.0,0.0
14270.000000265061,1,161,0.006172839506172839,-0.9889979135802468
14280.00000026528,1,161,0.006172839506172839,-0.9889979135802468
14290.000000265498,0,162,0.0,0.0
14300.000000265716,1,161,0.006172839506172839,-0.9889979135802468
14310.000000265934,0,162,0.0,0.0
14320.000000266153,0,162,0.0,0.0
14330.000000266371,1,161,0.006172839506172839,-0.9889979135802468
14340.00000026659,0,162,0.0,0.0
14350.000000266808,0,162,0.0,0.0
14360.000000267026,0,162,0.0,0.0
14370.000000267244,0,162,0.0,0.0
14380.000000267462,0,162,0.0,0.0
14390.00000026768,0,162,0.0,0.0
14400.000000267899,0,162,0.0,0.0
14410.000000268117,0,162,0.0,0.0
14420.000000268335,1,161,0.006172839506172839,-0.9889979135802468
14430.000000268554,0,162,0.0,0.0
14440.000000268772,0,162,0.0,0.0
14450.00000026899,0,162,0.0,0.0
14460.000000269209,0,162,0.0,0.0
14470.000000269427,0,162,0.0,0.0
14480.000000269645,0,162,0.0,0.0
14490.000000269863,0,162,0.0,0.0
14500.000000270082,0,162,0.0,0.0
14510.0000002703,0,162,0.0,0.0
14520.000000270518,0,162,0.0,0.0
14530.000000270737,0,162,0.0,0.0
14540.000000270955,0,162,0.0,0.0
14550.000000271173,0,162,0.0,0.0
14560.000000271391,0,162,0.0,0.0
14570.00000027161,0,162,0.0,0.0
14580.000000271828,0,162,0.0,0.0
14590.000000272046,0,162,0.0,0.0
14600.000000272265,0,162,0.0,0.0
14610.000000272483,0,162,0.0,0.0
14620.000000272701,0,162,0.0,0.0
14630.00000027292,0,162,0.0,0.0
14640.000000273138,1,161,0.006172839506172839,-0.9889979135802468
14650.000000273356,0,162,0.0,0.0
14660.000000273574,0,162,0.0,0.0
14670.000000273792,0,162,0.0,0.0
14680.00000027401,1,161,0.006172839506172839,-0.9889979135802468
14690.000000274229,0,162,0.0,0.0
14700.000000274447,0,162,0.0,0.0
14710.000000274666,1,161,0.006172839506172839,-0.9889979135802468
14720.000000274884,0,162,0.0,0.0
14730.000000275102,0,162,0.0,0.0
14740.00000027532,0,162,0.0,0.0
14750.000000275539,1,161,0.006172839506172839,-0.9889979135802468
14760.000000275757,1,161,0.006172839506172839,-0.9889979135802468
14770.000000275975,0,162,0.0,0.0
14780.000000276194,0,162,0.0,0.0
14790.000000276412,0,162,0.0,0.0
14800.00000027663,0,162,0.0,0.0
14810.000000276848,0,162,0.0,0.0
14820.000000277067,0,162,0.0,0.0
14830.000000277285,0,162,0.0,0.0
14840.000000277503,0,162,0.0,0.0
14850.000000277721,1,161,0.006172839506172839,-0.9889979135802468
14860.00000027794,0,162,0.0,0.0
14870.000000278158,0,162,0.0,0.0
14880.000000278376,0,162,0.0,0.0
14890.000000278595,2,160,0.012345679012345678,-1.9779958271604936
14900.000000278813,1,161,0.006172839506172839,-0.9889979135802468
14910.000000279031,0,162,0.0,0.0
14920.00000027925,0,162,0.0,0.0
14930.000000279468,0,162,0.0,0.0
14940.000000279686,2,160,0.012345679012345678,-1.9779958271604936
14950.000000279904,1,161,0.006172839506172839,-0.9889979135802468
14960.000000280123,0,162,0.0,0.0
14970.00000028034,0,162,0.0,0.0
14980.00000028056,1,161,0.006172839506172839,-0.9889979135802468
14990.000000280777,0,162,0.0,0.0
15000.000000280996,0,162,0.0,0.0
15010.000000281214,0,162,0.0,0.0
15020.000000281432,0,162,0.0,0.0
15030.00000028165,1,161,0.006172839506172839,-0.9889979135802468
15040.000000281869,1,161,0.006172839506172839,-0.9889979135802468
15050.000000282087,0,162,0.0,0.0
15060.000000282305,1,161,0.006172839506172839,-0.9889979135802468
15070.000000282524,0,162,0.0,0.0
15080.000000282742,0,162,0.0,0.0
15090.00000028296,0,162,0.0,0.0
15100.000000283178,0,162,0.0,0.0
15110.000000283397,0,162,0.0,0.0
15120.000000283615,0,162,0.0,0.0
15130.000000283833,0,162,0.0,0.0
15140.000000284052,0,162,0.0,0.0
15150.00000028427,0,162,0.0,0.0
15160.000000284488,0,162,0.0,0.0
15170.000000284706,0,162,0.0,0.0
15180.000000284925,0,162,0.0,0.0
15190.000000285143,0,162,0.0,0.0
15200.000000285361,0,162,0.0,0.0
15210.00000028558,0,162,0.0,0.0
15220.000000285798,0,162,0.0,0.0
15230.000000286016,0,162,0.0,0.0
15240.000000286234,0,162,0.0,0.0
15250.000000286453,0,162,0.0,0.0
15260.000000286671,0,162,0.0,0.0
15270.00000028689,0,162,0.0,0.0
15280.000000287107,0,162,0.0,0.0
15290.000000287326,1,161,0.006172839506172839,-0.9889979135802468
15300.000000287544,0,162,0.0,0.0
15310.000000287762,0,162,0.0,0.0
15320.00000028798,0,162,0.0,0.0
15330.000000288199,0,162,0.0,0.0
15340.000000288417,0,162,0.0,0.0
15350.000000288635,0,162,0.0,0.0
15360.000000288854,1,161,0.006172839506172839,-0.9889979135802468
15370.000000289072,0,162,0.0,0.0
15380.00000028929,0,162,0.0,0.0
15390.000000289509,0,162,0.0,0.0
15400.000000289727,0,162,0.0,0.0
15410.000000289945,0,162,0.0,0.0
15420.000000290163,0,162,0.0,0.0
15430.000000290382,1,161,0.006172839506172839,-0.9889979135802468
15440.0000002906,0,162,0.0,0.0
15450.000000290818,1,161,0.006172839506172839,-0.9889979135802468
15460.000000291036,0,162,0.0,0.0
15470.000000291255,0,162,0.0,0.0
15480.000000291473,1,161,0.006172839506172839,-0.9889979135802468
15490.000000291691,0,162,0.0,0.0
15500.00000029191,0,162,0.0,0.0
15510.000000292128,0,162,0.0,0.0
15520.000000292346,0,162,0.0,0.0
15530.000000292564,0,162,0.0,0.0
15540.000000292783,0,162,0.0,0.0
15550.000000293001,0,162,0.0,0.0
15560.00000029322,0,162,0.0,0.0
15570.000000293438,0,162,0.0,0.0
15580.000000293656,0,162,0.0,0.0
15590.000000293874,0,162,0.0,0.0
15600.000000294092,0,162,0.0,0.0
15610.00000029431,1,161,0.006172839506172839,-0.9889979135802468
15620.000000294529,1,161,0.006172839506172839,-0.9889979135802468
15630.000000294747,0,162,0.0,0.0
15640.000000294966,1,161,0.006172839506172839,-0.9889979135802468
15650.000000295184,0,162,0.0,0.0
15660.000000295402,1,161,0.006172839506172839,-0.9889979135802468
15670.00000029562,0,162,0.0,0.0
15680.000000295839,0,162,0.0,0.0
15690.000000296057,0,162,0.0,0.0
15700.000000296275,0,162,0.0,0.0
15710.000000296493,0,162,0.0,0.0
15720.000000296712,0,162,0.0,0.0
15730.00000029693,0,162,0.0,0.0
15740.000000297148,1,161,0.006172839506172839,-0.9889979135802468
15750.000000297367,0,162,0.0,0.0
15760.000000297585,1,161,0.006172839506172839,-0.9889979135802468
15770.000000297803,0,162,0.0,0.0
15780.000000298021,0,162,0.0,0.0
15790.00000029824,0,162,0.0,0.0
15800.000000298458,0,162,0.0,0.0
15810.000000298676,0,162,0.0,0.0
15820.000000298895,0,162,0.0,0.0
15830.000000299113,0,162,0.0,0.0
15840.000000299331,0,162,0.0,0.0
15850.00000029955,0,162,0.0,0.0
15860.000000299768,0,162,0.0,0.0
15870.000000299986,0,162,0.0,0.0
15880.000000300204,0,162,0.0,0.0
15890.000000300422,0,162,0.0,0.0
15900.00000030064,0,162,0.0,0.0
15910.000000300859,0,162,0.0,0.0
15920.000000301077,0,162,0.0,0.0
15930.000000301296,0,162,0.0,0.0
15940.000000301514,0,162,0.0,0.0
15950.000000301732,0,162,0.0,0.0
15960.00000030195,0,162,0.0,0.0
15970.000000302169,0,162,0.0,0.0
15980.000000302387,0,162,0.0,0.0
15990.000000302605,0,162,0.0,0.0
16000.000000302824,0,162,0.0,0.0
16010.000000303042,0,162,0.0,0.0
16020.00000030326,0,162,0.0,0.0
16030.000000303478,0,162,0.0,0.0
16040.000000303697,1,161,0.006172839506172839,-0.9889979135802468
16050.000000303915,1,161,0.006172839506172839,-0.9889979135802468
16060.000000304133,0,162,0.0,0.0
16070.000000304351,0,162,0.0,0.0
16080.00000030457,1,161,0.006172839506172839,-0.9889979135802468
16090.000000304788,0,162,0.0,0.0
16100.000000305006,1,161,0.006172839506172839,-0.9889979135802468
16110.000000305225,0,162,0.0,0.0
16120.000000305443,1,161,0.006172839506172839,-0.9889979135802468
16130.000000305661,0,162,0.0,0.0
16140.00000030588,0,162,0.0,0.0
16150.000000306098,0,162,0.0,0.0
16160.000000306316,0,162,0.0,0.0
16170.000000306534,0,162,0.0,0.0
16180.000000306753,0,162,0.0,0.0
16190.00000030697,2,160,0.012345679012345678,-1.9779958271604936
16200.00000030719,0,162,0.0,0.0
16210.000000307407,0,162,0.0,0.0
16220.000000307626,0,162,0.0,0.0
16230.000000307844,0,162,0.0,0.0
16240.000000308062,1,161,0.006172839506172839,-0.9889979135802468
16250.00000030828,0,162,0.0,0.0
16260.000000308499,0,162,0.0,0.0
16270.000000308717,0,162,0.0,0.0
16280.000000308935,0,162,0.0,0.0
16290.000000309154,0,162,0.0,0.0
16300.000000309372,0,162,0.0,0.0
16310.00000030959,0,162,0.0,0.0
16320.000000309808,0,162,0.0,0.0
16330.000000310027,0,162,0.0,0.0
16340.000000310245,0,162,0.0,0.0
16350.000000310463,0,162,0.0,0.0
16360.000000310682,0,162,0.0,0.0
16370.0000003109,0,162,0.0,0.0
16380.000000311118,0,162,0.0,0.0
16390.000000310243,2,160,0.012345679012345678,-1.9779958271604936
16400.000000308642,0,162,0.0,0.0
16410.00000030704,0,162,0.0,0.0
16420.00000030544,0,162,0.0,0.0
16430.00000030384,0,162,0.0,0.0
16440.00000030224,0,162,0.0,0.0
16450.00000030064,1,161,0.006172839506172839,-0.9889979135802468
16460.00000029904,0,162,0.0,0.0
16470.000000297438,0,162,0.0,0.0
16480.000000295837,0,162,0.0,0.0
16490.000000294236,0,162,0.0,0.0
16500.000000292635,0,162,0.0,0.0
16510.000000291035,0,162,0.0,0.0
16520.000000289434,0,162,0.0,0.0
16530.000000287833,0,162,0.0,0.0
16540.000000286233,0,162,0.0,0.0
16550.000000284632,0,162,0.0,0.0
16560.00000028303,1,161,0.006172839506172839,-0.9889979135802468
16570.00000028143,0,162,0.0,0.0
16580.00000027983,0,162,0.0,0.0
16590.00000027823,0,162,0.0,0.0
16600.00000027663,0,162,0.0,0.0
16610.000000275028,0,162,0.0,0.0
16620.000000273427,0,162,0.0,0.0
16630.000000271826,0,162,0.0,0.0
16640.000000270225,1,161,0.006172839506172839,-0.9889979135802468
16650.000000268625,0,162,0.0,0.0
16660.000000267024,0,162,0.0,0.0
16670.000000265423,0,162,0.0,0.0
16680.000000263823,0,162,0.0,0.0
16690.000000262222,0,162,0.0,0.0
16700.00000026062,0,162,0.0,0.0
16710.00000025902,0,162,0.0,0.0
16720.00000025742,0,162,0.0,0.0
16730.00000025582,0,162,0.0,0.0
16740.00000025422,0,162,0.0,0.0
16750.000000252618,0,162,0.0,0.0
16760.000000251017,0,162,0.0,0.0
16770.000000249416,0,162,0.0,0.0
16780.000000247815,0,162,0.0,0.0
16790.000000246215,0,162,0.0,0.0
16800.000000244614,0,162,0.0,0.0
16810.000000243013,0,162,0.0,0.0
16820.000000241413,0,162,0.0,0.0
16830.000000239812,0,162,0.0,0.0
16840.00000023821,0,162,0.0,0.0
16850.00000023661,1,161,0.006172839506172839,-0.9889979135802468
16860.00000023501,0,162,0.0,0.0
16870.00000023341,1,161,0.006172839506172839,-0.9889979135802468
16880.00000023181,1,161,0.006172839506172839,-0.9889979135802468
16890.000000230208,0,162,0.0,0.0
16900.000000228607,0,162,0.0,0.0
16910.000000227006,0,162,0.0,0.0
16920.000000225406,0,162,0.0,0.0
16930.000000223805,0,162,0.0,0.0
16940.000000222204,0,162,0.0,0.0
16950.000000220603,0,162,0.0,0.0
16960.000000219003,0,162,0.0,0.0
16970.000000217402,0,162,0.0,0.0
16980.0000002158,0,162,0.0,0.0
16990.0000002142,0,162,0.0,0.0
17000.0000002126,0,162,0.0,0.0
17010.000000211,0,162,0.0,0.0
17020.0000002094,0,162,0.0,0.0
17030.000000207798,1,161,0.006172839506172839,-0.9889979135802468
17040.000000206197,0,162,0.0,0.0
17050.000000204596,0,162,0.0,0.0
17060.000000202996,0,162,0.0,0.0
17070.000000201395,0,162,0.0,0.0
17080.000000199794,0,162,0.0,0.0
17090.000000198193,1,161,0.006172839506172839,-0.9889979135802468
17100.000000196593,0,162,0.0,0.0
17110.000000194992,0,162,0.0,0.0
17120.00000019339,0,162,0.0,0.0
17130.00000019179,0,162,0.0,0.0
17140.00000019019,0,162,0.0,0.0
17150.00000018859,0,162,0.0,0.0
17160.00000018699,1,161,0.006172839506172839,-0.9889979135802468
17170.000000185388,0,162,0.0,0.0
17180.000000183787,0,162,0.0,0.0
17190.000000182186,0,162,0.0,0.0
17200.000000180586,0,162,0.0,0.0
17210.000000178985,0,162,0.0,0.0
17220.000000177384,1,161,0.006172839506172839,-0.9889979135802468
17230.000000175783,0,162,0.0,0.0
17240.000000174183,0,162,0.0,0.0
17250.000000172582,0,162,0.0,0.0
17260.00000017098,1,161,0.006172839506172839,-0.9889979135802468
17270.00000016938,0,162,0.0,0.0
17280.00000016778,0,162,0.0,0.0
17290.00000016618,0,162,0.0,0.0
17300.00000016458,0,162,0.0,0.0
17310.000000162978,1,161,0.006172839506172839,-0.9889979135802468
17320.000000161377,0,162,0.0,0.0
17330.000000159776,2,160,0.012345679012345678,-1.9779958271604936
17340.000000158176,0,162,0.0,0.0
17350.000000156575,0,162,0.0,0.0
17360.000000154974,0,162,0.0,0.0
17370.000000153374,0,162,0.0,0.0
17380.000000151773,0,162,0.0,0.0
17390.000000150172,0,162,0.0,0.0
17400.00000014857,0,162,0.0,0.0
17410.00000014697,0,162,0.0,0.0
17420.00000014537,0,162,0.0,0.0
17430.00000014377,0,162,0.0,0.0
17440.00000014217,0,162,0.0,0.0
17450.000000140568,0,162,0.0,0.0
17460.000000138967,1,161,0.006172839506172839,-0.9889979135802468
17470.000000137366,0,162,0.0,0.0
17480.000000135766,0,162,0.0,0.0
17490.000000134165,1,161,0.006172839506172839,-0.9889979135802468
17500.000000132564,0,162,0.0,0.0
17510.000000130964,0,162,0.0,0.0
17520.000000129363,0,162,0.0,0.0
17530.000000127762,1,161,0.006172839506172839,-0.9889979135802468
17540.00000012616,0,162,0.0,0.0
17550.00000012456,1,161,0.006172839506172839,-0.9889979135802468
17560.00000012296,0,162,0.0,0.0
17570.00000012136,0,162,0.0,0.0
17580.00000011976,0,162,0.0,0.0
17590.000000118158,0,162,0.0,0.0
17600.000000116557,0,162,0.0,0.0
17610.000000114956,0,162,0.0,0.0
17620.000000113356,0,162,0.0,0.0
17630.000000111755,0,162,0.0,0.0
17640.000000110154,0,162,0.0,0.0
17650.000000108554,0,162,0.0,0.0
17660.000000106953,0,162,0.0,0.0
17670.000000105352,0,162,0.0,0.0
17680.00000010375,0,162,0.0,0.0
17690.00000010215,0,162,0.0,0.0
17700.00000010055,0,162,0.0,0.0
17710.00000009895,0,162,0.0,0.0
17720.00000009735,0,162,0.0,0.0
17730.000000095748,0,162,0.0,0.0
17740.000000094147,0,162,0.0,0.0
17750.000000092547,0,162,0.0,0.0
17760.000000090946,0,162,0.0,0.0
17770.000000089345,0,162,0.0,0.0
17780.000000087744,0,162,0.0,0.0
17790.000000086144,0,162,0.0,0.0
17800.000000084543,0,162,0.0,0.0
17810.000000082942,0,162,0.0,0.0
17820.00000008134,0,162,0.0,0.0
17830.00000007974,1,161,0.006172839506172839,-0.9889979135802468
17840.00000007814,0,162,0.0,0.0
17850.00000007654,0,162,0.0,0.0
17860.00000007494,0,162,0.0,0.0
17870.000000073338,0,162,0.0,0.0
17880.000000071737,0,162,0.0,0.0
17890.000000070137,0,162,0.0,0.0
17900.000000068536,0,162,0.0,0.0
17910.000000066935,0,162,0.0,0.0
17920.000000065334,0,162,0.0,0.0
17930.000000063734,0,162,0.0,0.0
17940.000000062133,0,162,0.0,0.0
17950.000000060532,0,162,0.0,0.0
17960.00000005893,0,162,0.0,0.0
17970.00000005733,0,162,0.0,0.0
17980.00000005573,0,162,0.0,0.0
17990.00000005413,0,162,0.0,0.0
18000.00000005253,0,162,0.0,0.0
18010.000000050928,0,162,0.0,0.0
18020.000000049327,0,162,0.0,0.0
18030.000000047727,1,161,0.006172839506172839,-0.9889979135802468
18040.000000046126,0,162,0.0,0.0
18050.000000044525,0,162,0.0,0.0
18060.000000042925,1,161,0.006172839506172839,-0.9889979135802468
18070.000000041324,0,162,0.0,0.0
18080.000000039723,0,162,0.0,0.0
18090.000000038122,0,162,0.0,0.0
18100.00000003652,0,162,0.0,0.0
18110.00000003492,0,162,0.0,0.0
18120.00000003332,0,162,0.0,0.0
18130.00000003172,0,162,0.0,0.0
18140.00000003012,1,161,0.006172839506172839,-0.9889979135802468
18150.000000028518,0,162,0.0,0.0
18160.000000026917,0,162,0.0,0.0
18170.000000025317,0,162,0.0,0.0
18180.000000023716,0,162,0.0,0.0
18190.000000022115,0,162,0.0,0.0
18200.000000020515,0,162,0.0,0.0
18210.000000018914,0,162,0.0,0.0
18220.000000017313,0,162,0.0,0.0
18230.000000015712,0,162,0.0,0.0
18240.00000001411,0,162,0.0,0.0
18250.00000001251,0,162,0.0,0.0
18260.00000001091,0,162,0.0,0.0
18270.00000000931,1,161,0.006172839506172839,-0.9889979135802468
18280.00000000771,0,162,0.0,0.0
18290.000000006108,0,162,0.0,0.0
18300.000000004507,0,162,0.0,0.0
18310.000000002907,0,162,0.0,0.0
18320.000000001306,0,162,0.0,0.0
18329.999999999705,0,162,0.0,0.0
18339.999999998105,0,162,0.0,0.0
18349.999999996504,0,162,0.0,0.0
18359.999999994903,0,162,0.0,0.0
18369.999999993302,0,162,0.0,0.0
18379.9999999917,0,162,0.0,0.0
18389.9999999901,1,161,0.006172839506172839,-0.9889979135802468
18399.9999999885,0,162,0.0,0.0
18409.9999999869,0,162,0.0,0.0
18419.9999999853,0,162,0.0,0.0
18429.9999999837,0,162,0.0,0.0
18439.999999982098,1,161,0.006172839506172839,-0.9889979135802468
18449.999999980497,0,162,0.0,0.0
18459.999999978896,0,162,0.0,0.0
18469.999999977295,0,162,0.0,0.0
18479.999999975695,1,161,0.006172839506172839,-0.9889979135802468
18489.999999974094,0,162,0.0,0.0
18499.999999972493,0,162,0.0,0.0
18509.999999970893,0,162,0.0,0.0
18519.999999969292,0,162,0.0,0.0
18529.99999996769,0,162,0.0,0.0
18539.99999996609,0,162,0.0,0.0
18549.99999996449,0,162,0.0,0.0
18559.99999996289,0,162,0.0,0.0
18569.99999996129,0,162,0.0,0.0
18579.999999959688,1,161,0.006172839506172839,-0.9889979135802468
18589.999999958087,0,162,0.0,0.0
18599.999999956486,0,162,0.0,0.0
18609.999999954885,0,162,0.0,0.0
18619.999999953285,0,162,0.0,0.0
18629.999999951684,0,162,0.0,0.0
18639.999999950083,0,162,0.0,0.0
18649.999999948483,0,162,0.0,0.0
18659.999999946882,1,161,0.006172839506172839,-0.9889979135802468
18669.99999994528,0,162,0.0,0.0
18679.99999994368,0,162,0.0,0.0
18689.99999994208,0,162,0.0,0.0
18699.99999994048,0,162,0.0,0.0
18709.99999993888,0,162,0.0,0.0
18719.999999937278,0,162,0.0,0.0
18729.999999935677,0,162,0.0,0.0
18739.999999934076,0,162,0.0,0.0
18749.999999932475,0,162,0.0,0.0
18759.999999930875,0,162,0.0,0.0
18769.999999929274,1,161,0.006172839506172839,-0.9889979135802468
18779.999999927673,1,161,0.006172839506172839,-0.9889979135802468
18789.999999926073,0,162,0.0,0.0
18799.999999924472,0,162,0.0,0.0
18809.99999992287,1,161,0.006172839506172839,-0.9889979135802468
18819.99999992127,0,162,0.0,0.0
18829.99999991967,0,162,0.0,0.0
18839.99999991807,0,162,0.0,0.0
18849.99999991647,0,162,0.0,0.0
18859.999999914868,0,162,0.0,0.0
18869.999999913267,0,162,0.0,0.0
18879.999999911666,0,162,0.0,0.0
18889.999999910066,0,162,0.0,0.0
18899.999999908465,0,162,0.0,0.0
18909.999999906864,1,161,0.006172839506172839,-0.9889979135802468
18919.999999905263,0,162,0.0,0.0
18929.999999903663,0,162,0.0,0.0
18939.999999902062,0,162,0.0,0.0
18949.99999990046,1,161,0.006172839506172839,-0.9889979135802468
18959.99999989886,0,162,0.0,0.0
18969.99999989726,0,162,0.0,0.0
18979.99999989566,0,162,0.0,0.0
18989.99999989406,0,162,0.0,0.0
18999.999999892458,1,161,0.006172839506172839,-0.9889979135802468
19009.999999890857,0,162,0.0,0.0
19019.999999889256,0,162,0.0,0.0
19029.999999887656,0,162,0.0,0.0
19039.999999886055,0,162,0.0,0.0
19049.999999884454,0,162,0.0,0.0
19059.999999882853,1,161,0.006172839506172839,-0.9889979135802468
19069.999999881253,0,162,0.0,0.0
19079.999999879652,0,162,0.0,0.0
19089.99999987805,0,162,0.0,0.0
19099.99999987645,1,161,0.006172839506172839,-0.9889979135802468
19109.99999987485,1,161,0.006172839506172839,-0.9889979135802468
19119.99999987325,0,162,0.0,0.0
19129.99999987165,1,161,0.006172839506172839,-0.9889979135802468
19139.999999870048,0,162,0.0,0.0
19149.999999868447,0,162,0.0,0.0
19159.999999866846,0,162,0.0,0.0
19169.999999865246,1,161,0.006172839506172839,-0.9889979135802468
19179.999999863645,0,162,0.0,0.0
19189.999999862044,0,162,0.0,0.0
19199.999999860443,0,162,0.0,0.0
19209.999999858843,0,162,0.0,0.0
19219.999999857242,0,162,0.0,0.0
19229.99999985564,0,162,0.0,0.0
19239.99999985404,2,160,0.012345679012345678,-1.9779958271604936
19249.99999985244,0,162,0.0,0.0
19259.99999985084,0,162,0.0,0.0
19269.99999984924,0,162,0.0,0.0
19279.999999847638,0,162,0.0,0.0
19289.999999846037,0,162,0.0,0.0
19299.999999844436,0,162,0.0,0.0
19309.999999842836,1,161,0.006172839506172839,-0.9889979135802468
19319.999999841235,0,162,0.0,0.0
19329.999999839634,1,161,0.006172839506172839,-0.9889979135802468
19339.999999838034,0,162,0.0,0.0
19349.999999836433,0,162,0.0,0.0
19359.999999834832,0,162,0.0,0.0
19369.99999983323,0,162,0.0,0.0
19379.99999983163,0,162,0.0,0.0
19389.99999983003,0,162,0.0,0.0
19399.99999982843,0,162,0.0,0.0
19409.99999982683,0,162,0.0,0.0
19419.999999825228,0,162,0.0,0.0
19429.999999823627,0,162,0.0,0.0
19439.999999822026,0,162,0.0,0.0
19449.999999820426,0,162,0.0,0.0
19459.999999818825,0,162,0.0,0.0
19469.999999817224,0,162,0.0,0.0
19479.999999815624,1,161,0.006172839506172839,-0.9889979135802468
19489.999999814023,0,162,0.0,0.0
19499.999999812422,0,162,0.0,0.0
19509.99999981082,0,162,0.0,0.0
19519.99999980922,0,162,0.0,0.0
19529.99999980762,0,162,0.0,0.0
19539.99999980602,0,162,0.0,0.0
19549.99999980442,0,162,0.0,0.0
19559.999999802818,0,162,0.0,0.0
19569.999999801217,0,162,0.0,0.0
19579.999999799616,0,162,0.0,0.0
19589.999999798016,0,162,0.0,0.0
19599.999999796415,0,162,0.0,0.0
19609.999999794814,0,162,0.0,0.0
19619.999999793214,0,162,0.0,0.0
19629.999999791613,0,162,0.0,0.0
19639.999999790012,0,162,0.0,0.0
19649.99999978841,0,162,0.0,0.0
19659.99999978681,0,162,0.0,0.0
19669.99999978521,0,162,0.0,0.0
19679.99999978361,0,162,0.0,0.0
19689.99999978201,0,162,0.0,0.0
19699.999999780408,0,162,0.0,0.0
19709.999999778807,1,161,0.006172839506172839,-0.9889979135802468
19719.999999777207,1,161,0.006172839506172839,-0.9889979135802468
19729.999999775606,0,162,0.0,0.0
19739.999999774005,0,162,0.0,0.0
19749.999999772404,1,161,0.006172839506172839,-0.9889979135802468
19759.999999770804,0,162,0.0,0.0
19769.999999769203,0,162,0.0,0.0
19779.999999767602,0,162,0.0,0.0
19789.999999766,0,162,0.0,0.0
19799.9999997644,0,162,0.0,0.0
19809.9999997628,0,162,0.0,0.0
19819.9999997612,0,162,0.0,0.0
19829.9999997596,0,162,0.0,0.0
19839.999999757998,0,162,0.0,0.0
19849.999999756397,0,162,0.0,0.0
19859.999999754797,0,162,0.0,0.0
19869.999999753196,0,162,0.0,0.0
19879.999999751595,0,162,0.0,0.0
19889.999999749994,0,162,0.0,0.0
19899.999999748394,0,162,0.0,0.0
19909.999999746793,0,162,0.0,0.0
19919.999999745192,0,162,0.0,0.0
19929.99999974359,0,162,0.0,0.0
19939.99999974199,0,162,0.0,0.0
19949.99999974039,0,162,0.0,0.0
19959.99999973879,0,162,0.0,0.0
19969.99999973719,0,162,0.0,0.0
19979.999999735588,0,162,0.0,0.0
19989.999999733987,0,162,0.0,0.0
19999.999999732387,0,162,0.0,0.0
20009.999999730786,0,162,0.0,0.0
20019.999999729185,0,162,0.0,0.0
20029.999999727585,0,162,0.0,0.0
20039.999999725984,0,162,0.0,0.0
20049.999999724383,1,161,0.006172839506172839,-0.9889979135802468
20059.999999722782,2,160,0.012345679012345678,-1.9779958271604936
20069.99999972118,0,162,0.0,0.0
20079.99999971958,0,162,0.0,0.0
20089.99999971798,1,161,0.006172839506172839,-0.9889979135802468
20099.99999971638,0,162,0.0,0.0
20109.99999971478,0,162,0.0,0.0
20119.999999713178,1,161,0.006172839506172839,-0.9889979135802468
20129.999999711577,0,162,0.0,0.0
20139.999999709977,0,162,0.0,0.0
20149.999999708376,0,162,0.0,0.0
20159.999999706775,0,162,0.0,0.0
20169.999999705175,0,162,0.0,0.0
20179.999999703574,0,162,0.0,0.0
20189.999999701973,0,162,0.0,0.0
20199.999999700372,0,162,0.0,0.0
20209.99999969877,0,162,0.0,0.0
20219.99999969717,0,162,0.0,0.0
20229.99999969557,0,162,0.0,0.0
20239.99999969397,0,162,0.0,0.0
20249.99999969237,0,162,0.0,0.0
20259.999999690768,0,162,0.0,0.0
20269.999999689167,0,162,0.0,0.0
20279.999999687567,0,162,0.0,0.0
20289.999999685966,1,161,0.006172839506172839,-0.9889979135802468
20299.999999684365,0,162,0.0,0.0
20309.999999682765,0,162,0.0,0.0
20319.999999681164,0,162,0.0,0.0
20329.999999679563,0,162,0.0,0.0
20339.999999677962,0,162,0.0,0.0
20349.99999967636,0,162,0.0,0.0
20359.99999967476,0,162,0.0,0.0
20369.99999967316,0,162,0.0,0.0
20379.99999967156,0,162,0.0,0.0
20389.99999966996,0,162,0.0,0.0
20399.99999966836,0,162,0.0,0.0
20409.999999666758,0,162,0.0,0.0
20419.999999665157,0,162,0.0,0.0
20429.999999663556,0,162,0.0,0.0
20439.999999661955,0,162,0.0,0.0
20449.999999660355,0,162,0.0,0.0
20459.999999658754,0,162,0.0,0.0
20469.999999657153,0,162,0.0,0.0
20479.999999655553,0,162,0.0,0.0
20489.99999965395,0,162,0.0,0.0
20499.99999965235,0,162,0.0,0.0
20509.99999965075,1,161,0.006172839506172839,-0.9889979135802468
20519.99999964915,0,162,0.0,0.0
20529.99999964755,0,162,0.0,0.0
20539.99999964595,0,162,0.0,0.0
20549.999999644348,0,162,0.0,0.0
20559.999999642747,0,162,0.0,0.0
20569.999999641146,0,162,0.0,0.0
20579.999999639545,0,162,0.0,0.0
20589.999999637945,0,162,0.0,0.0
20599.999999636344,1,161,0.006172839506172839,-0.9889979135802468
20609.999999634743,0,162,0.0,0.0
20619.999999633143,0,162,0.0,0.0
20629.999999631542,0,162,0.0,0.0
20639.99999962994,0,162,0.0,0.0
20649.99999962834,0,162,0.0,0.0
20659.99999962674,0,162,0.0,0.0
20669.99999962514,1,161,0.006172839506172839,-0.9889979135802468
20679.99999962354,0,162,0.0,0.0
20689.999999621938,0,162,0.0,0.0
20699.999999620337,0,162,0.0,0.0
20709.999999618736,0,162,0.0,0.0
20719.999999617135,1,161,0.006172839506172839,-0.9889979135802468
20729.999999615535,0,162,0.0,0.0
20739.999999613934,0,162,0.0,0.0
20749.999999612333,0,162,0.0,0.0
20759.999999610733,0,162,0.0,0.0
20769.999999609132,1,161,0.006172839506172839,-0.9889979135802468
20779.99999960753,1,161,0.006172839506172839,-0.9889979135802468
20789.99999960593,0,162,0.0,0.0
20799.99999960433,0,162,0.0,0.0
20809.99999960273,0,162,0.0,0.0
20819.99999960113,1,161,0.006172839506172839,-0.9889979135802468
20829.999999599528,1,161,0.006172839506172839,-0.9889979135802468
20839.999999597927,0,162,0.0,0.0
20849.999999596326,0,162,0.0,0.0
20859.999999594726,0,162,0.0,0.0
20869.999999593125,0,162,0.0,0.0
20879.999999591524,0,162,0.0,0.0
20889.999999589923,0,162,0.0,0.0
20899.999999588323,0,162,0.0,0.0
20909.999999586722,0,162,0.0,0.0
20919.99999958512,0,162,0.0,0.0
20929.99999958352,0,162,0.0,0.0
20939.99999958192,0,162,0.0,0.0
20949.99999958032,0,162,0.0,0.0
20959.99999957872,0,162,0.0,0.0
20969.999999577118,0,162,0.0,0.0
20979.999999575517,0,162,0.0,0.0
20989.999999573916,0,162,0.0,0.0
20999.999999572316,0,162,0.0,0.0
21009.999999570715,1,161,0.006172839506172839,-0.9889979135802468
21019.999999569114,1,161,0.006172839506172839,-0.9889979135802468
21029.999999567513,0,162,0.0,0.0
21039.999999565913,1,161,0.006172839506172839,-0.9889979135802468
21049.999999564312,0,162,0.0,0.0
21059.99999956271,0,162,0.0,0.0
21069.99999956111,0,162,0.0,0.0
21079.99999955951,1,161,0.006172839506172839,-0.9889979135802468
21089.99999955791,0,162,0.0,0.0
21099.99999955631,1,161,0.006172839506172839,-0.9889979135802468
21109.999999554708,0,162,0.0,0.0
21119.999999553107,0,162,0.0,0.0
21129.999999551506,0,162,0.0,0.0
21139.999999549906,0,162,0.0,0.0
21149.999999548305,0,162,0.0,0.0
21159.999999546704,0,162,0.0,0.0
21169.999999545103,0,162,0.0,0.0
21179.999999543503,0,162,0.0,0.0
21189.999999541902,0,162,0.0,0.0
21199.9999995403,0,162,0.0,0.0
21209.9999995387,0,162,0.0,0.0
21219.9999995371,0,162,0.0,0.0
21229.9999995355,0,162,0.0,0.0
21239.9999995339,0,162,0.0,0.0
21249.999999532298,0,162,0.0,0.0
21259.999999530697,0,162,0.0,0.0
21269.999999529096,1,161,0.006172839506172839,-0.9889979135802468
21279.999999527496,0,162,0.0,0.0
21289.999999525895,0,162,0.0,0.0
21299.999999524294,0,162,0.0,0.0
21309.999999522694,0,162,0.0,0.0
21319.999999521093,1,161,0.006172839506172839,-0.9889979135802468
21329.999999519492,0,162,0.0,0.0
21339.99999951789,0,162,0.0,0.0
21349.99999951629,1,161,0.006172839506172839,-0.9889979135802468
21359.99999951469,0,162,0.0,0.0
21369.99999951309,0,162,0.0,0.0
21379.99999951149,0,162,0.0,0.0
21389.999999509888,0,162,0.0,0.0
21399.999999508287,1,161,0.006172839506172839,-0.9889979135802468
21409.999999506686,0,162,0.0,0.0
21419.999999505086,0,162,0.0,0.0
21429.999999503485,0,162,0.0,0.0
21439.999999501884,0,162,0.0,0.0
21449.999999500284,1,161,0.006172839506172839,-0.9889979135802468
21459.999999498683,0,162,0.0,0.0
21469.999999497082,0,162,0.0,0.0
21479.99999949548,0,162,0.0,0.0
21489.99999949388,1,161,0.006172839506172839,-0.9889979135802468
21499.99999949228,1,161,0.006172839506172839,-0.9889979135802468
21509.99999949068,0,162,0.0,0.0
21519.99999948908,0,162,0.0,0.0
21529.999999487478,0,162,0.0,0.0
21539.999999485877,0,162,0.0,0.0
21549.999999484276,0,162,0.0,0.0
21559.999999482676,1,161,0.006172839506172839,-0.9889979135802468
21569.999999481075,0,162,0.0,0.0
21579.999999479474,0,162,0.0,0.0
21589.999999477874,0,162,0.0,0.0
21599.999999476273,0,162,0.0,0.0
21609.999999474672,0,162,0.0,0.0
21619.99999947307,0,162,0.0,0.0
21629.99999947147,1,161,0.006172839506172839,-0.9889979135802468
21639.99999946987,0,162,0.0,0.0
21649.99999946827,0,162,0.0,0.0
21659.99999946667,0,162,0.0,0.0
21669.999999465068,1,161,0.006172839506172839,-0.9889979135802468
21679.999999463467,0,162,0.0,0.0
21689.999999461867,0,162,0.0,0.0
21699.999999460266,0,162,0.0,0.0
21709.999999458665,0,162,0.0,0.0
21719.999999457064,0,162,0.0,0.0
21729.999999455464,0,162,0.0,0.0
21739.999999453863,0,162,0.0,0.0
21749.999999452262,0,162,0.0,0.0
21759.99999945066,0,162,0.0,0.0
21769.99999944906,0,162,0.0,0.0
21779.99999944746,0,162,0.0,0.0
21789.99999944586,0,162,0.0,0.0
21799.99999944426,1,161,0.006172839506172839,-0.9889979135802468
21809.999999442658,0,162,0.0,0.0
21819.999999441057,0,162,0.0,0.0
21829.999999439457,0,162,0.0,0.0
21839.999999437856,0,162,0.0,0.0
21849.999999436255,0,162,0.0,0.0
21859.999999434654,0,162,0.0,0.0
21869.999999433054,0,162,0.0,0.0
21879.999999431453,0,162,0.0,0.0
21889.999999429852,0,162,0.0,0.0
21899.99999942825,0,162,0.0,0.0
21909.99999942665,0,162,0.0,0.0
21919.99999942505,0,162,0.0,0.0
21929.99999942345,0,162,0.0,0.0
21939.99999942185,0,162,0.0,0.0
21949.999999420248,0,162,0.0,0.0
21959.999999418647,0,162,0.0,0.0
21969.999999417047,0,162,0.0,0.0
21979.999999415446,0,162,0.0,0.0
21989.999999413845,0,162,0.0,0.0
21999.999999412245,0,162,0.0,0.0
22009.999999410644,0,162,0.0,0.0
22019.999999409043,0,162,0.0,0.0
22029.999999407442,1,161,0.006172839506172839,-0.9889979135802468
22039.99999940584,0,162,0.0,0.0
22049.99999940424,0,162,0.0,0.0
22059.99999940264,0,162,0.0,0.0
22069.99999940104,0,162,0.0,0.0
22079.99999939944,0,162,0.0,0.0
22089.999999397838,1,161,0.006172839506172839,-0.9889979135802468
22099.999999396237,0,162,0.0,0.0
22109.999999394637,0,162,0.0,0.0
22119.999999393036,1,161,0.006172839506172839,-0.9889979135802468
22129.999999391435,0,162,0.0,0.0
22139.999999389835,0,162,0.0,0.0
22149.999999388234,0,162,0.0,0.0
22159.999999386633,0,162,0.0,0.0
22169.999999385032,1,161,0.006172839506172839,-0.9889979135802468
22179.99999938343,0,162,0.0,0.0
22189.99999938183,0,162,0.0,0.0
22199.99999938023,0,162,0.0,0.0
22209.99999937863,0,162,0.0,0.0
22219.99999937703,0,162,0.0,0.0
22229.999999375428,0,162,0.0,0.0
22239.999999373827,0,162,0.0,0.0
22249.999999372227,0,162,0.0,0.0
22259.999999370626,0,162,0.0,0.0
22269.999999369025,0,162,0.0,0.0
22279.999999367425,0,162,0.0,0.0
22289.999999365824,0,162,0.0,0.0
22299.999999364223,0,162,0.0,0.0
22309.999999362622,0,162,0.0,0.0
22319.99999936102,0,162,0.0,0.0
22329.99999935942,0,162,0.0,0.0
22339.99999935782,0,162,0.0,0.0
22349.99999935622,1,161,0.006172839506172839,-0.9889979135802468
22359.99999935462,0,162,0.0,0.0
22369.99999935302,0,162,0.0,0.0
22379.999999351418,0,162,0.0,0.0
22389.999999349817,0,162,0.0,0.0
22399.999999348216,0,162,0.0,0.0
22409.999999346615,0,162,0.0,0.0
22419.999999345015,0,162,0.0,0.0
22429.999999343414,0,162,0.0,0.0
22439.999999341813,0,162,0.0,0.0
22449.999999340213,0,162,0.0,0.0
22459.99999933861,0,162,0.0,0.0
22469.99999933701,0,162,0.0,0.0
22479.99999933541,0,162,0.0,0.0
22489.99999933381,0,162,0.0,0.0
22499.99999933221,0,162,0.0,0.0
22509.99999933061,0,162,0.0,0.0
22519.999999329008,0,162,0.0,0.0
22529.999999327407,0,162,0.0,0.0
22539.999999325806,0,162,0.0,0.0
22549.999999324205,0,162,0.0,0.0
22559.999999322605,0,162,0.0,0.0
22569.999999321004,0,162,0.0,0.0
22579.999999319403,0,162,0.0,0.0
22589.999999317803,0,162,0.0,0.0
22599.999999316202,0,162,0.0,0.0
22609.9999993146,1,161,0.006172839506172839,-0.9889979135802468
22619.999999313,0,162,0.0,0.0
22629.9999993114,0,162,0.0,0.0
22639.9999993098,1,161,0.006172839506172839,-0.9889979135802468
22649.9999993082,0,162,0.0,0.0
22659.999999306598,0,162,0.0,0.0
22669.999999304997,0,162,0.0,0.0
22679.999999303396,0,162,0.0,0.0
22689.999999301795,1,161,0.006172839506172839,-0.9889979135802468
22699.999999300195,0,162,0.0,0.0
22709.999999298594,0,162,0.0,0.0
22719.999999296993,0,162,0.0,0.0
22729.999999295393,1,161,0.006172839506172839,-0.9889979135802468
22739.999999293792,0,162,0.0,0.0
22749.99999929219,0,162,0.0,0.0
22759.99999929059,0,162,0.0,0.0
22769.99999928899,0,162,0.0,0.0
22779.99999928739,0,162,0.0,0.0
22789.99999928579,0,162,0.0,0.0
22799.999999284188,0,162,0.0,0.0
22809.999999282587,0,162,0.0,0.0
22819.999999280986,0,162,0.0,0.0
22829.999999279386,0,162,0.0,0.0
22839.999999277785,0,162,0.0,0.0
22849.999999276184,0,162,0.0,0.0
22859.999999274583,0,162,0.0,0.0
22869.999999272983,1,161,0.006172839506172839,-0.9889979135802468
22879.999999271382,0,162,0.0,0.0
22889.99999926978,0,162,0.0,0.0
22899.99999926818,0,162,0.0,0.0
22909.99999926658,0,162,0.0,0.0
22919.99999926498,0,162,0.0,0.0
22929.99999926338,1,161,0.006172839506172839,-0.9889979135802468
22939.999999261778,0,162,0.0,0.0
22949.999999260177,0,162,0.0,0.0
22959.999999258576,1,161,0.006172839506172839,-0.9889979135802468
22969.999999256976,0,162,0.0,0.0
22979.999999255375,1,161,0.006172839506172839,-0.9889979135802468
22989.999999253774,0,162,0.0,0.0
22999.999999252173,0,162,0.0,0.0
23009.999999250573,0,162,0.0,0.0
23019.999999248972,0,162,0.0,0.0
23029.99999924737,0,162,0.0,0.0
23039.99999924577,0,162,0.0,0.0
23049.99999924417,0,162,0.0,0.0
23059.99999924257,0,162,0.0,0.0
23069.99999924097,0,162,0.0,0.0
23079.999999239368,0,162,0.0,0.0
23089.999999237767,0,162,0.0,0.0
23099.999999236166,0,162,0.0,0.0
23109.999999234566,0,162,0.0,0.0
23119.999999232965,0,162,0.0,0.0
23129.999999231364,0,162,0.0,0.0
23139.999999229763,0,162,0.0,0.0
23149.999999228163,0,162,0.0,0.0
23159.999999226562,0,162,0.0,0.0
23169.99999922496,0,162,0.0,0.0
23179.99999922336,0,162,0.0,0.0
23189.99999922176,0,162,0.0,0.0
23199.99999922016,0,162,0.0,0.0
23209.99999921856,0,162,0.0,0.0
23219.999999216958,0,162,0.0,0.0
23229.999999215357,0,162,0.0,0.0
23239.999999213756,0,162,0.0,0.0
23249.999999212156,0,162,0.0,0.0
23259.999999210555,0,162,0.0,0.0
23269.999999208954,0,162,0.0,0.0
23279.999999207354,0,162,0.0,0.0
23289.999999205753,0,162,0.0,0.0
23299.999999204152,0,162,0.0,0.0
23309.99999920255,0,162,0.0,0.0
23319.99999920095,0,162,0.0,0.0
23329.99999919935,0,162,0.0,0.0
23339.99999919775,0,162,0.0,0.0
23349.99999919615,0,162,0.0,0.0
23359.999999194548,0,162,0.0,0.0
23369.999999192947,0,162,0.0,0.0
23379.999999191346,0,162,0.0,0.0
23389.999999189746,0,162,0.0,0.0
23399.999999188145,0,162,0.0,0.0
23409.999999186544,0,162,0.0,0.0
23419.999999184944,0,162,0.0,0.0
23429.999999183343,1,161,0.006172839506172839,-0.9889979135802468
23439.999999181742,0,162,0.0,0.0
23449.99999918014,0,162,0.0,0.0
23459.99999917854,1,161,0.006172839506172839,-0.9889979135802468
23469.99999917694,0,162,0.0,0.0
23479.99999917534,0,162,0.0,0.0
23489.99999917374,0,162,0.0,0.0
23499.999999172138,0,162,0.0,0.0
23509.999999170537,0,162,0.0,0.0
23519.999999168936,0,162,0.0,0.0
23529.999999167336,0,162,0.0,0.0
23539.999999165735,0,162,0.0,0.0
23549.999999164134,0,162,0.0,0.0
23559.999999162534,0,162,0.0,0.0
23569.999999160933,2,160,0.012345679012345678,-1.9779958271604936
23579.999999159332,0,162,0.0,0.0
23589.99999915773,0,162,0.0,0.0
23599.99999915613,1,161,0.006172839506172839,-0.9889979135802468
23609.99999915453,0,162,0.0,0.0
23619.99999915293,0,162,0.0,0.0
23629.99999915133,0,162,0.0,0.0
23639.999999149728,0,162,0.0,0.0
23649.999999148127,0,162,0.0,0.0
23659.999999146527,0,162,0.0,0.0
23669.999999144926,0,162,0.0,0.0
23679.999999143325,1,161,0.006172839506172839,-0.9889979135802468
23689.999999141724,0,162,0.0,0.0
23699.999999140124,0,162,0.0,0.0
23709.999999138523,2,160,0.012345679012345678,-1.9779958271604936
23719.999999136922,1,161,0.006172839506172839,-0.9889979135802468
23729.99999913532,1,161,0.006172839506172839,-0.9889979135802468
23739.99999913372,0,162,0.0,0.0
23749.99999913212,0,162,0.0,0.0
23759.99999913052,0,162,0.0,0.0
23769.99999912892,1,161,0.006172839506172839,-0.9889979135802468
23779.999999127318,0,162,0.0,0.0
23789.999999125717,0,162,0.0,0.0
23799.999999124117,0,162,0.0,0.0
23809.999999122516,0,162,0.0,0.0
23819.999999120915,0,162,0.0,0.0
23829.999999119314,0,162,0.0,0.0
23839.999999117714,0,162,0.0,0.0
23849.999999116113,0,162,0.0,0.0
23859.999999114512,0,162,0.0,0.0
23869.99999911291,0,162,0.0,0.0
23879.99999911131,0,162,0.0,0.0
23889.99999910971,0,162,0.0,0.0
23899.99999910811,0,162,0.0,0.0
23909.99999910651,0,162,0.0,0.0
23919.999999104908,0,162,0.0,0.0
23929.999999103307,0,162,0.0,0.0
23939.999999101707,0,162,0.0,0.0
23949.999999100106,0,162,0.0,0.0
23959.999999098505,0,162,0.0,0.0
23969.999999096905,0,162,0.0,0.0
23979.999999095304,0,162,0.0,0.0
23989.999999093703,1,161,0.006172839506172839,-0.9889979135802468
23999.999999092102,0,162,0.0,0.0
24009.9999990905,0,162,0.0,0.0
24019.9999990889,0,162,0.0,0.0
24029.9999990873,0,162,0.0,0.0
24039.9999990857,0,162,0.0,0.0
24049.9999990841,0,162,0.0,0.0
24059.999999082498,0,162,0.0,0.0
24069.999999080897,1,161,0.006172839506172839,-0.9889979135802468
24079.999999079297,0,162,0.0,0.0
24089.999999077696,2,160,0.012345679012345678,-1.9779958271604936
24099.999999076095,0,162,0.0,0.0
24109.999999074495,0,162,0.0,0.0
24119.999999072894,0,162,0.0,0.0
24129.999999071293,0,162,0.0,0.0
