,Time,Signal
0,0.0,0.4967141530112327
1,0.01,0.5381814575224966
2,0.02,1.9155815552061912
3,0.03,3.2278621229060125
4,0.04,1.7116412242087833
5,0.05,1.7504505420107133
6,0.06,3.430060701466484
7,0.07,2.3712517342338004
8,0.08,0.8510569123844001
9,0.09,1.6232455210965924
10,0.1,0.4876388234826913
11,0.11,0.5067300465726425
12,0.12,1.3936878029205617
13,0.13,-0.4530535827802511
14,0.14,0.11432343538004064
15,0.15,1.6488424977242815
16,0.16,1.4813700905263036
17,0.17,2.9326796694875554
18,0.18,1.6310291384586386
19,0.19,0.8330971905659492
20,0.2,3.229004525798974
21,0.21,0.9251123623026212
22,0.22,0.5550874228924254
23,0.23,-1.5647924016324362
24,0.24,-1.1985433098625924
25,0.25,-0.8890774102901337
26,0.26,-2.3064870970169307
27,0.27,-0.7591057457327279
28,0.28,-1.5855776824530154
29,0.29,-1.0678197834109837
30,0.3,-1.1894918645218704
31,0.31,1.3594906526954234
32,0.32,-0.5564969818612411
33,0.33,-1.8165902940716794
34,0.34,-0.30256208690016206
35,0.35000000000000003,-2.813939688186383
36,0.36,-1.8810441400169247
37,0.37,-4.491550375715315
38,0.38,-4.16856743125699
39,0.39,-2.7598279669027317
40,0.4,-2.1147029688900503
41,0.41000000000000003,-2.36725445116348
42,0.42,-2.1724286860769517
43,0.43,-1.7793396616115555
44,0.44,-2.36586252812309
45,0.45,-1.0863977186047074
46,0.46,-0.44185886843452976
47,0.47000000000000003,1.2894562819781912
48,0.48,0.6167517580145419
49,0.49,-1.587927330926269
50,0.5,0.3240839693947954
51,0.51,-0.560195104852781
52,0.52,-0.9500554687520391
53,0.53,0.3793422330815934
54,0.54,1.0122196199706934
55,0.55,1.297833629326199
56,0.56,0.048123014533026365
57,0.5700000000000001,1.1690235901710535
58,0.58,2.3880438350922684
59,0.59,3.514167859475808
60,0.6,2.3739953110401704
61,0.61,2.771030226108038
62,0.62,1.7340464083525315
63,0.63,1.3356736277548702
64,0.64,2.90243355741588
65,0.65,2.949336066786182
66,0.66,1.0530968774230147
67,0.67,1.7624122630078032
68,0.68,0.9046357821709398
69,0.6900000000000001,-0.1523322227916104
70,0.7000000000000001,0.9491808578008893
71,0.71,2.3141626000836735
72,0.72,0.9491129534242566
73,0.73,2.6994474198924054
74,0.74,-1.4642515844951174
75,0.75,1.8219025043752244
76,0.76,0.7412076535755839
77,0.77,-0.15896313504688964
78,0.78,-0.395798441668994
79,0.79,-3.138457577390046
80,0.8,-1.9830276447149295
81,0.81,-1.8882883203894953
82,0.8200000000000001,-1.0611591692383338
83,0.8300000000000001,-3.1367025551659293
84,0.84,-3.3026948137539174
85,0.85,-2.712887070549794
86,0.86,-0.9238391501910008
87,0.87,-1.131475552217863
88,0.88,-1.6814857351215668
89,0.89,-0.45919236702954314
90,0.9,-0.8539789669471142
91,0.91,-0.11204048697773994
92,0.92,-2.022584392196702
93,0.93,-1.931479151678657
94,0.9400000000000001,-2.2429560390912493
95,0.9500000000000001,-3.4481024470920127
96,0.96,-1.649674321867544
97,0.97,-1.4437769943180991
98,0.98,-1.262779560463042
99,0.99,-0.9110328920688306
100,1.0,-1.415370742050417
101,1.01,0.255800435928319
102,1.02,0.9251785005787292
103,1.03,0.9025549972763669
104,1.04,1.78450888726611
105,1.05,2.388638355774429
106,1.06,3.7370337871696258
107,1.07,1.778394817912732
108,1.08,1.5780816890421177
109,1.09,1.0062395617444602
110,1.1,-0.9677146990038876
111,1.11,0.9459459246936832
112,1.12,1.2119557412955566
113,1.1300000000000001,3.9234687743628367
114,1.1400000000000001,1.6468803031119563
115,1.1500000000000001,2.512677369298873
116,1.16,2.4594894411554806
117,1.17,1.44975429927275
118,1.18,3.681876028494872
119,1.19,2.997333924588019
120,1.2,2.5543877039204688
121,1.21,0.24150120799441965
122,1.22,1.8903535291406008
123,1.23,-1.5418952782112545
124,1.24,-0.06730349153713877
125,1.25,1.1904556258099799
126,1.26,-2.146029844725315
127,1.27,-1.701101493681172
128,1.28,-0.8852876274465717
129,1.29,-1.279601687733905
130,1.3,-2.138448683358604
131,1.31,-0.4242245570074834
132,1.32,-1.6053034708494134
133,1.33,-0.2852869344805971
134,1.34,-2.044531233237153
135,1.35,-0.04316163319781907
136,1.36,-2.87316102735792
137,1.37,-2.853941768041217
138,1.3800000000000001,-2.02686416498889
139,1.3900000000000001,-4.187553519205811
140,1.4000000000000001,-2.6257096142813303
141,1.41,-1.2314799780710295
142,1.42,-3.664263638249945
143,1.43,-1.2936021074899708
144,1.44,-0.6274577435072435
145,1.45,0.41526936156730754
146,1.46,-1.218170808352827
147,1.47,-1.0881225573250028
148,1.48,0.7950750340629793
149,1.49,0.4720974976696567
150,1.5,0.2504928503458742
151,1.51,0.17133538506051343
152,1.52,-0.9531581900245767
153,1.53,-8.035859826968639e-05
154,1.54,0.27429257077342406
155,1.55,-0.34779790781637077
156,1.56,2.75311504890041
157,1.57,1.9520688869340557
158,1.58,0.8654769064860559
159,1.59,3.1951763409872824
160,1.6,1.8784878786581376
161,1.61,3.7437738065143074
162,1.62,3.9989769613659627
163,1.6300000000000001,1.711197933483823
164,1.6400000000000001,3.053283864266002
165,1.6500000000000001,2.0058769651518493
166,1.6600000000000001,1.947167158997836
167,1.67,2.6556723477697295
168,1.68,0.2976116411204397
169,1.69,-0.26094863254397593
170,1.7,-0.30172917733305404
171,1.71,-0.039684251347727906
172,1.72,0.9078372831201066
173,1.73,1.4759557388950335
174,1.74,1.4321843189246466
175,1.75,1.8271832490360256
176,1.76,0.6671624772153212
177,1.77,1.5935782925763062
178,1.78,-0.7522160514424601
179,1.79,1.569280503800468
180,1.8,-1.1376884091124153
181,1.81,-3.10255844831752
182,1.82,-3.6099457120409646
183,1.83,-2.1359599216490968
184,1.84,-2.717663996186583
185,1.85,-1.4971295328731602
186,1.86,-1.366003643319533
187,1.87,-1.5330555745344159
188,1.8800000000000001,-1.9985192494229342
189,1.8900000000000001,-2.4873070248287634
190,1.9000000000000001,-1.3975714683621754
191,1.9100000000000001,-0.2242866831871595
192,1.92,-1.1064375541891398
193,1.93,-2.84955578379288
194,1.94,-1.6776669601079024
195,1.95,-1.5992701192310574
196,1.96,-2.829652035133254
197,1.97,-1.5511071605524633
198,1.98,-1.2096842986595016
199,1.99,-1.8194160565243025
200,2.0,0.3577873603482779
201,2.0100000000000002,1.2372302850619237
202,2.02,2.3509442602807704
203,2.0300000000000002,2.7586343185328923
204,2.04,0.5681252309750275
205,2.05,1.0467624590447668
206,2.06,2.365883153167747
207,2.07,2.117602955993115
208,2.08,1.8355789846253958
209,2.09,4.933416968165355
210,2.1,1.5219470269883177
211,2.11,2.1080254403234964
212,2.12,2.105727294847728
213,2.13,2.111617913183336
214,2.14,1.5239720232527247
215,2.15,2.970099247458514
216,2.16,1.7213759963231539
217,2.17,2.3816137301522726
218,2.18,2.053689666150746
219,2.19,2.327275031287566
220,2.2,4.078014323550922
221,2.21,-0.7163765298025873
222,2.22,1.1738194085790075
223,2.23,-1.7527600866086321
224,2.24,-1.126092451126854
225,2.25,0.08895059696736851
226,2.2600000000000002,-1.0912135004991645
227,2.27,-2.212548542007698
228,2.2800000000000002,-1.7002427017941681
229,2.29,-0.09652828468303776
230,2.3000000000000003,-1.3181518840096027
231,2.31,-0.27632894223153925
232,2.32,-0.49742791721949065
233,2.33,-1.4104797127215942
234,2.34,1.0188370903219863
235,2.35,-0.9591770158973455
236,2.36,-4.11505032167928
237,2.37,-2.345425937066112
238,2.38,-3.5021678471269433
239,2.39,-2.1042558679756316
240,2.4,-3.645690287318163
241,2.41,-2.6533591738203457
242,2.42,-1.5517931247082557
243,2.43,-0.6124807718521371
244,2.44,-2.0876369448114387
245,2.45,-0.7010547460509386
246,2.46,-0.45616540863570376
247,2.47,-0.42099517681443754
248,2.48,2.0385877087271833
249,2.49,0.5800945353974274
250,2.5,-1.2608839543350399
251,2.5100000000000002,0.7427491226183148
252,2.52,1.8490227285665521
253,2.5300000000000002,0.8001312047918714
254,2.54,-1.5381498684792732
255,2.5500000000000003,-0.1176805626562461
256,2.56,2.1542516869422856
257,2.57,0.7705665004034687
258,2.58,2.500599831834937
259,2.59,3.3132567857827833
260,2.6,1.926239077307378
261,2.61,2.897163846710055
262,2.62,-0.40088595771051727
263,2.63,1.5074926105012636
264,2.64,1.8373395836285136
265,2.65,0.3453128562505259
266,2.66,2.7575183029349883
267,2.67,-0.6712620128448507
268,2.68,0.10295527042632274
269,2.69,0.6235281090996017
270,2.7,2.02905854135859
271,2.71,-0.6597361175617369
272,2.72,2.1481027446891634
273,2.73,1.1450368250979892
274,2.74,0.17398486854667272
275,2.75,1.4621034742632806
276,2.7600000000000002,0.853220280910876
277,2.77,-0.46017266173981536
278,2.7800000000000002,-0.4177571332144895
279,2.79,-1.5362022596509153
280,2.8000000000000003,-1.6498384116261768
281,2.81,-1.5832702173801931
282,2.82,-0.9530363978344933
283,2.83,-3.85624783571913
284,2.84,-0.36116783620446835
285,2.85,-4.163217826487764
286,2.86,-1.9910263629286669
287,2.87,-0.8719094553929742
288,2.88,-0.8707336636195009
289,2.89,-1.5951593199634941
290,2.9,-1.1591787666524271
291,2.91,-1.5736864121694623
292,2.92,-1.909896055263561
293,2.93,-0.7542149080598783
294,2.94,-1.4938323999940353
295,2.95,-2.6774970942205467
296,2.96,-1.0461947234988656
297,2.97,-1.3975327456213784
298,2.98,-0.45503089826654797
299,2.99,-0.046816916770063166
300,3.0,-0.8289950109220735
301,3.0100000000000002,0.11626471849671749
302,3.02,2.0151866222287484
303,3.0300000000000002,2.3152025319314617
304,3.04,1.9248930049679622
305,3.0500000000000003,2.101914882268679
306,3.06,3.1285127817475247
307,3.0700000000000003,1.0122456162450466
308,3.08,1.8676286794893802
309,3.09,0.8784928250767494
310,3.1,0.7333753130679328
311,3.11,2.071236652130088
312,3.12,1.97714188034255
313,3.13,2.2737362978781688
314,3.14,3.1447200750474034
315,3.15,2.232133868598013
316,3.16,3.1761541821556833
317,3.17,2.3081655802988195
318,3.18,2.863219566468292
319,3.19,2.1152578375335573
320,3.2,1.8603517218701446
321,3.21,1.7460456882260842
322,3.22,-0.3306614650289895
323,3.23,1.9523430602664835
324,3.24,-1.660177966837118
325,3.25,-2.214188612787736
326,3.2600000000000002,0.002617353905443709
327,3.27,-0.3431410701154576
328,3.2800000000000002,-0.36081917548205245
329,3.29,-0.1477805243534276
330,3.3000000000000003,-0.6000320251393696
331,3.31,-1.3900419032993492
332,3.3200000000000003,-0.4671951989295853
333,3.33,-1.4360410766278868
334,3.34,-0.14998726558559172
335,3.35,-1.740153419717489
336,3.36,-2.915404931814174
337,3.37,-2.8532660934885374
338,3.38,-2.4274499280829334
339,3.39,-3.52041375557583
340,3.4,-3.675389944451897
341,3.41,-2.294935520861534
342,3.42,-1.8118138325799853
343,3.43,-1.9851791413933935
344,3.44,-1.358378843373999
345,3.45,-0.13450357285235143
346,3.46,-1.429304438972068
347,3.47,-1.1751297186172796
348,3.48,-0.445310752806354
349,3.49,-0.038334327275375446
350,3.5,0.3109075655980178
351,3.5100000000000002,1.3002433925130918
352,3.52,0.5845261547559338
353,3.5300000000000002,-0.3922725857226947
354,3.54,-0.037796110427957344
355,3.5500000000000003,-0.6359758544278012
356,3.56,0.8688274017632772
357,3.5700000000000003,1.1895773271021253
358,3.58,2.3794989640267894
359,3.59,1.7113917888011168
360,3.6,3.372516063126634
361,3.61,4.489428115774432
362,3.62,2.731621233901702
363,3.63,2.9335919739344902
364,3.64,2.780051726732781
365,3.65,1.191875566329548
366,3.66,1.3491994808137664
367,3.67,0.7714717658975754
368,3.68,0.6406758556721384
369,3.69,-0.2802222520419597
370,3.7,0.6122954265514222
371,3.71,1.2741243248631582
372,3.72,2.4360826003292377
373,3.73,2.0940745901636033
374,3.74,3.308675977106183
375,3.75,0.23265243711196137
376,3.7600000000000002,1.5264812220580888
377,3.77,0.3233862211573388
378,3.7800000000000002,1.7022437150131595
379,3.79,-1.9591869481443112
380,3.8000000000000003,-2.6030775990581927
381,3.81,-2.844793537345257
382,3.8200000000000003,-4.662948938289663
383,3.83,-3.1441873585730447
384,3.84,-3.253333872414439
385,3.85,-2.0607362404890495
386,3.86,-1.4974852921159187
387,3.87,0.41594417733832856
388,3.88,-0.20130169316848823
389,3.89,-1.5493634558053029
390,3.9,-1.8494711876435117
391,3.91,-0.588766306004118
392,3.92,-2.640764505339984
393,3.93,0.22764176077345866
394,3.94,-0.6714077652378136
395,3.95,-2.4537631510645928
396,3.96,-3.6589291280229936
397,3.97,-0.3509598923325705
398,3.98,-1.3824328623581144
399,3.99,0.5613705532797775
400,4.0,-1.594427658794378
401,4.01,0.0770707357398912
402,4.0200000000000005,1.2731367168236951
403,4.03,1.7518128602627356
404,4.04,1.4957291274528677
405,4.05,2.607437431307389
406,4.0600000000000005,0.7832274565764876
407,4.07,1.4614375200595906
408,4.08,1.4408269300312488
409,4.09,1.5951243115693785
410,4.1,1.6626713943840408
411,4.11,-0.15218229169496633
412,4.12,-0.3823886393810916
413,4.13,2.737903483776056
414,4.14,2.1715552798726323
415,4.15,1.4626434904087153
416,4.16,4.045353186383257
417,4.17,2.7341069711851413
418,4.18,3.7183503980436883
419,4.19,2.312919373311332
420,4.2,3.8241036817593983
421,4.21,2.9062295052323845
422,4.22,0.23859506972545969
423,4.23,0.8315267355353508
424,4.24,-0.008784635752263514
425,4.25,0.3686315575323458
426,4.26,-2.1204169801747295
427,4.2700000000000005,-0.4487523040799737
428,4.28,0.07348549431537266
429,4.29,-2.5348655200408294
430,4.3,-1.7710437649582595
431,4.3100000000000005,-2.5320197095736185
432,4.32,-0.8124065915678691
433,4.33,-0.04133710931980916
434,4.34,0.3772500530926921
435,4.3500000000000005,-1.5190012577955936
436,4.36,-0.46129218945039274
437,4.37,-3.911981710050428
438,4.38,-4.543763821713708
439,4.39,-3.012236901668475
440,4.4,-2.4691040999461484
441,4.41,-2.571317480447546
442,4.42,-4.124222503728594
443,4.43,-1.5673560055350704
444,4.44,-2.1918100382605026
445,4.45,0.30311903862004463
446,4.46,0.38537814862210734
447,4.47,-0.7075457305680916
448,4.48,-0.24073344889061127
449,4.49,-0.8841006974524985
450,4.5,-0.06267909727317923
451,4.51,0.7800294960647711
452,4.5200000000000005,-1.2588595147816288
453,4.53,0.27171245975857106
454,4.54,-0.5490375208977065
455,4.55,-0.4263193220523708
456,4.5600000000000005,0.7803101778011258
457,4.57,0.44299364360290827
458,4.58,1.5031310983415092
459,4.59,1.3407448397645851
460,4.6000000000000005,4.817894681801862
461,4.61,2.9919527547435867
462,4.62,2.1406558743659794
463,4.63,2.7458601625697785
464,4.64,1.9775796853308785
465,4.65,1.372126438682139
466,4.66,1.7392736990467814
467,4.67,1.5163870751630895
468,4.68,0.012498609512788361
469,4.69,-0.08303070883117358
470,4.7,0.31273355514082923
471,4.71,-1.5257951311178841
472,4.72,-0.5302520696643505
473,4.73,2.501678031522923
474,4.74,2.8004612330959078
475,4.75,0.7509639604436334
476,4.76,1.2307175483931958
477,4.7700000000000005,0.4512943699624952
478,4.78,2.5913215902507347
479,4.79,-0.03131375135457337
480,4.8,-1.8912733483581756
481,4.8100000000000005,-3.200941332501679
482,4.82,-4.145499534237427
483,4.83,-2.414968701025053
484,4.84,-3.25055195614503
485,4.8500000000000005,-3.6333837365629122
486,4.86,-2.4858141521355877
487,4.87,-2.5417746654919364
488,4.88,0.5354161037180365
489,4.89,-0.09082004319345649
490,4.9,-0.959029157611773
491,4.91,0.3992586613793889
492,4.92,-1.2431629906717157
493,4.93,-2.4651012064091313
494,4.94,-0.3277238086894507
495,4.95,-1.4456774552752254
496,4.96,-2.983040753258571
497,4.97,-1.8951709445816156
498,4.98,-2.1435112704902464
499,4.99,-2.0592454896580294
